hours_per_week,logins_count,quiz_avg_score,completed
9.8,18.0,88.8,1
2.7,5.0,85.6,1
3.3,11.0,63.0,0
2.6,9.0,58.8,0
2.2,8.0,87.4,1
4.2,7.0,49.3,1
4.5,13.0,95.0,1
1.4,7.0,78.2,1
1.6,16.0,67.5,0
2.3,15.0,59.9,1
1.1,10.0,49.7,0
1.3,10.0,63.4,1
5.5,13.0,54.3,0
8.9,11.0,61.9,0
6.8,14.0,69.8,1
2.7,10.0,83.2,0
5.2,17.0,60.5,0
3.5,15.0,59.0,0
5.5,20.0,75.5,1
2.0,12.0,50.0,0
2.9,11.0,91.6,0
2.3,17.0,64.7,0
3.6,20.0,42.5,0
3.5,12.0,44.3,0
0.8,19.0,57.3,0
7.7,17.0,49.7,1
3.0,13.0,59.0,1
3.6,10.0,85.2,1
6.7,16.0,91.0,1
1.4,6.0,64.6,1
0.7,9.0,47.9,0
1.2,14.0,100.0,0
6.8,11.0,69.4,1
4.9,13.0,59.9,1
7.3,12.0,34.3,0
1.7,14.0,53.5,1
0.8,12.0,76.3,0
7.7,12.0,51.0,0
11.9,18.0,66.0,1
1.7,10.0,63.8,0
1.3,9.0,46.9,0
2.4,7.0,75.1,1
5.0,13.0,73.3,0
4.4,11.0,79.1,1
5.0,15.0,57.8,0
1.9,13.0,58.6,0
5.3,12.0,59.3,0
0.6,13.0,71.2,0
1.4,11.0,40.0,0
1.9,9.0,62.6,0
1.7,10.0,74.0,0
3.0,17.0,71.0,0
7.6,16.0,55.5,0
1.5,9.0,86.4,0
5.9,19.0,73.1,1
1.1,12.0,83.3,0
6.0,19.0,70.4,1
3.5,11.0,55.7,0
5.8,18.0,71.8,1
3.5,8.0,26.8,0
12.2,15.0,54.7,1
3.3,13.0,59.2,0
6.0,20.0,84.0,1
4.8,10.0,53.0,0
3.1,9.0,77.6,1
0.8,10.0,64.1,0
3.9,8.0,91.0,1
1.3,13.0,57.5,0
3.4,11.0,63.7,0
2.4,12.0,52.5,1
3.0,20.0,65.6,0
2.3,10.0,76.1,0
3.8,11.0,47.1,1
2.8,10.0,49.8,0
8.8,16.0,60.0,1
2.3,14.0,69.1,0
3.0,10.0,57.0,0
4.3,13.0,50.1,1
3.7,11.0,65.4,1
4.8,17.0,62.2,0
4.0,16.0,52.9,1
6.2,13.0,58.1,1
2.0,14.0,53.0,0
1.2,16.0,63.5,1
5.7,11.0,80.6,0
1.2,12.0,71.2,0
1.4,9.0,73.6,1
3.7,10.0,82.7,0
1.9,14.0,63.8,0
8.8,20.0,74.0,1
9.1,16.0,64.8,0
2.5,10.0,77.7,1
6.2,11.0,46.9,1
2.0,13.0,71.3,0
5.4,14.0,86.7,1
1.3,6.0,62.2,0
3.7,18.0,54.4,0
3.0,17.0,46.1,0
3.9,9.0,60.0,0
1.0,15.0,86.0,0
3.3,19.0,68.0,0
1.9,16.0,29.8,0
3.2,13.0,61.4,1
2.4,13.0,51.7,0
3.2,15.0,57.2,0
2.5,14.0,79.0,1
8.7,17.0,48.8,0
9.0,20.0,55.6,0
9.5,19.0,78.0,1
7.1,19.0,70.5,0
1.0,14.0,67.6,0
1.0,11.0,51.8,0
1.3,7.0,56.5,1
8.7,18.0,65.9,1
3.4,15.0,71.1,0
2.6,10.0,66.2,0
4.3,9.0,73.2,0
4.5,10.0,70.1,0
0.5,8.0,67.6,0
4.3,11.0,52.6,0
8.9,17.0,67.7,0
5.4,12.0,99.9,1
2.6,7.0,57.9,0
5.2,17.0,67.0,1
1.3,10.0,39.7,0
1.5,8.0,53.4,0
2.0,8.0,76.5,0
6.6,11.0,67.8,0
3.8,16.0,46.1,0
7.7,17.0,79.8,1
7.2,13.0,72.1,1
3.5,13.0,84.1,0
2.9,13.0,45.8,0
1.7,8.0,42.4,0
4.3,14.0,57.3,0
3.9,14.0,77.4,0
2.3,10.0,80.8,0
9.1,16.0,80.4,1
1.8,14.0,42.6,0
2.7,11.0,48.8,1
8.7,17.0,53.2,1
9.9,20.0,69.1,1
2.4,12.0,52.0,1
6.6,15.0,30.7,0
3.1,12.0,59.3,0
7.1,15.0,60.5,0
4.6,14.0,70.0,1
6.9,20.0,83.5,0
4.6,16.0,18.8,0
2.4,15.0,44.7,1
0.7,13.0,57.6,0
2.7,13.0,78.3,0
5.5,17.0,91.2,1
4.5,14.0,75.1,1
3.4,11.0,40.7,0
3.0,10.0,98.1,1
9.2,20.0,35.3,1
3.8,13.0,59.0,0
1.9,13.0,69.0,0
1.2,14.0,69.6,1
1.5,7.0,46.9,0
3.7,5.0,60.1,1
3.5,14.0,60.8,1
0.9,13.0,63.9,0
6.0,17.0,82.5,1
5.0,16.0,97.7,1
7.2,15.0,77.3,1
2.8,10.0,55.0,0
0.6,9.0,41.7,0
1.3,7.0,65.3,0
3.8,16.0,63.2,0
8.5,18.0,73.7,1
0.5,6.0,61.7,0
3.7,13.0,73.0,0
1.5,13.0,43.4,0
4.9,16.0,82.4,0
3.8,14.0,76.9,1
5.6,15.0,79.9,1
2.7,7.0,87.0,1
1.7,8.0,100.0,0
2.3,8.0,73.5,0
3.0,8.0,38.7,0
7.7,17.0,83.7,1
1.2,12.0,71.4,0
5.1,12.0,66.1,1
9.0,15.0,71.0,1
0.7,11.0,66.7,0
2.9,16.0,100.0,0
1.0,10.0,78.0,0
7.7,16.0,93.8,1
4.2,7.0,55.5,0
8.0,16.0,86.2,1
1.0,7.0,68.8,0
6.5,12.0,46.9,0
5.8,18.0,36.6,1
0.9,6.0,47.6,0
11.5,18.0,61.2,1
3.4,7.0,69.0,0
2.8,6.0,77.8,1
7.8,22.0,72.2,1
1.0,7.0,77.5,1
4.3,13.0,52.2,0
5.5,15.0,43.9,1
3.8,14.0,73.4,1
4.8,12.0,77.6,1
1.7,7.0,64.9,1
1.0,11.0,58.2,0
6.9,15.0,73.9,0
2.5,13.0,88.2,1
8.7,15.0,66.0,1
4.1,11.0,65.3,0
3.2,15.0,61.9,0
5.0,19.0,62.1,0
7.8,15.0,80.2,1
2.7,9.0,60.4,0
4.8,18.0,83.7,1
4.7,18.0,86.1,0
7.0,19.0,90.3,1
5.0,15.0,80.9,1
4.1,14.0,54.8,0
1.4,9.0,84.7,0
5.2,15.0,65.0,1
3.5,22.0,54.9,1
4.9,9.0,54.4,1
2.2,13.0,78.7,0
6.9,16.0,53.9,1
2.8,12.0,76.6,0
3.2,11.0,72.8,1
3.4,15.0,55.9,0
0.9,11.0,52.0,0
1.3,13.0,46.6,1
5.1,15.0,47.9,0
7.6,20.0,78.2,1
5.3,13.0,39.3,0
0.5,10.0,69.7,0
1.5,14.0,69.6,0
0.5,14.0,68.6,0
0.5,10.0,96.2,0
4.8,14.0,58.2,0
2.6,6.0,70.7,0
8.2,15.0,76.3,1
0.6,4.0,85.0,0
2.7,12.0,74.6,0
1.5,13.0,73.2,1
2.5,13.0,85.8,0
3.5,13.0,48.1,1
6.5,20.0,60.6,0
2.3,8.0,96.2,0
4.3,12.0,58.5,0
9.2,15.0,48.8,0
3.3,13.0,56.8,0
2.6,15.0,46.6,0
0.8,16.0,73.8,0
1.0,5.0,75.3,1
1.7,13.0,60.3,0
3.2,14.0,46.6,1
3.7,11.0,71.4,1
2.8,16.0,68.4,1
1.0,11.0,78.1,0
4.0,9.0,64.3,0
2.5,16.0,71.7,0
3.4,13.0,40.4,1
2.0,7.0,69.8,0
3.0,11.0,56.8,0
5.9,19.0,61.7,1
2.8,10.0,72.1,1
2.4,10.0,64.2,0
4.6,18.0,36.4,0
3.9,13.0,91.4,0
7.2,16.0,100.0,1
4.5,16.0,67.7,0
5.2,13.0,70.1,0
1.3,12.0,94.7,1
7.3,15.0,50.7,1
2.3,9.0,49.7,0
6.7,19.0,60.6,0
1.1,12.0,75.1,1
2.8,7.0,74.9,0
7.1,14.0,56.2,1
3.8,14.0,62.9,0
3.1,13.0,78.0,0
0.5,5.0,87.6,1
6.3,19.0,87.3,1
4.1,14.0,28.8,0
6.4,10.0,65.9,1
2.2,8.0,86.6,0
2.3,13.0,73.7,1
4.5,14.0,71.9,1
4.7,12.0,88.8,1
8.2,15.0,78.8,1
0.5,6.0,69.4,0
5.4,11.0,59.5,1
2.2,17.0,69.1,0
2.8,5.0,60.9,0
3.2,10.0,62.4,0
3.7,19.0,75.3,0
2.2,11.0,48.6,0
2.5,7.0,86.9,1
8.1,8.0,60.6,0
10.8,27.0,78.5,1
3.9,10.0,80.0,1
9.5,17.0,69.8,0
3.3,17.0,54.8,1
10.6,19.0,49.9,0
2.2,7.0,63.8,1
1.7,16.0,72.7,0
4.7,13.0,42.3,0
7.7,17.0,62.2,1
1.3,13.0,91.1,1
2.0,11.0,78.2,1
3.6,16.0,70.5,0
2.4,19.0,52.7,0
4.7,14.0,53.4,1
2.8,14.0,65.1,0
3.6,19.0,35.7,0
5.8,21.0,78.9,1
12.5,21.0,56.9,1
4.0,9.0,62.2,0
5.1,12.0,78.0,0
6.6,11.0,48.3,0
2.4,11.0,51.6,0
5.5,19.0,61.6,1
4.8,10.0,59.8,0
2.3,8.0,36.8,0
3.9,12.0,65.7,0
2.7,12.0,70.2,0
2.0,12.0,65.0,1
5.0,15.0,70.6,0
11.0,21.0,74.1,1
2.9,12.0,89.6,0
4.4,16.0,36.0,0
1.8,12.0,69.5,0
4.1,11.0,44.2,0
3.1,22.0,47.3,0
5.2,9.0,61.4,0
5.3,16.0,59.8,0
3.4,19.0,65.7,0
5.3,18.0,77.1,1
3.3,12.0,49.5,0
5.4,12.0,74.8,1
4.4,15.0,61.3,1
5.4,9.0,71.3,0
5.4,18.0,58.8,1
5.3,13.0,55.6,0
2.9,14.0,45.7,1
4.9,15.0,94.6,1
5.8,16.0,52.7,0
1.8,17.0,67.1,0
5.3,11.0,68.5,1
7.3,23.0,67.8,0
0.9,13.0,62.7,0
0.5,5.0,55.7,0
7.9,14.0,66.1,1
1.7,11.0,59.9,0
5.0,11.0,61.0,0
2.1,12.0,64.0,0
5.1,15.0,65.7,1
1.9,13.0,66.0,0
7.7,13.0,52.2,1
0.8,13.0,58.6,0
0.6,10.0,68.2,0
2.6,12.0,56.3,0
2.7,9.0,47.7,1
1.6,10.0,50.4,0
3.9,11.0,81.2,1
6.2,14.0,86.4,1
1.8,9.0,54.1,0
8.7,21.0,35.1,0
4.6,13.0,49.9,0
2.5,10.0,43.0,0
7.4,18.0,44.9,1
4.3,8.0,59.7,1
2.3,9.0,74.1,0
4.9,11.0,64.5,1
3.8,16.0,63.3,1
6.5,11.0,77.2,1
3.3,11.0,69.7,0
5.2,18.0,97.0,1
3.9,21.0,41.7,0
2.7,15.0,73.3,1
4.7,10.0,72.8,1
2.9,14.0,52.2,0
4.0,6.0,65.5,0
3.3,16.0,73.6,0
13.0,21.0,69.6,1
4.4,13.0,47.7,0
0.5,11.0,82.5,0
2.4,12.0,70.2,0
1.8,5.0,66.8,1
2.5,15.0,61.4,1
1.0,9.0,82.9,0
6.3,12.0,71.5,1
7.8,19.0,37.4,1
1.0,5.0,33.5,0
2.8,13.0,81.1,1
1.4,19.0,73.8,1
0.8,7.0,76.9,0
2.0,16.0,86.0,1
7.6,19.0,71.5,1
3.2,8.0,57.6,0
1.9,11.0,65.2,0
1.2,9.0,42.6,1
1.7,8.0,60.0,1
5.4,13.0,73.2,1
8.4,22.0,65.3,1
4.7,9.0,86.0,1
3.0,17.0,58.3,0
0.5,5.0,51.2,1
7.8,12.0,72.3,0
1.8,10.0,38.7,0
2.5,11.0,69.7,0
4.9,18.0,63.8,0
0.7,17.0,55.7,0
7.8,18.0,71.1,1
5.3,10.0,95.8,1
7.0,17.0,50.8,1
4.4,11.0,69.4,1
15.0,19.0,61.1,1
1.7,10.0,72.6,0
4.5,14.0,65.8,1
3.8,13.0,82.6,0
1.4,12.0,68.6,0
2.1,8.0,71.3,0
0.9,15.0,38.7,0
1.9,16.0,76.9,0
1.3,13.0,97.3,0
3.9,14.0,54.6,1
10.0,17.0,74.4,1
6.4,12.0,69.8,0
13.2,23.0,70.3,1
1.6,11.0,77.5,1
0.7,9.0,61.8,1
5.4,11.0,67.3,0
1.3,13.0,44.6,0
0.8,11.0,70.1,0
4.6,15.0,74.7,0
4.9,16.0,62.6,0
6.3,15.0,46.3,0
4.6,13.0,59.1,1
5.5,11.0,76.7,0
6.0,16.0,87.1,1
3.5,20.0,55.8,0
0.5,14.0,41.1,0
1.2,5.0,56.1,0
5.1,12.0,67.7,0
2.0,12.0,81.7,0
1.1,20.0,69.7,1
8.5,17.0,78.6,1
2.7,17.0,65.0,0
1.6,17.0,71.2,0
2.7,20.0,54.0,0
2.5,16.0,67.0,1
9.3,16.0,26.3,0
13.6,21.0,77.5,1
4.7,12.0,78.3,1
15.0,23.0,42.9,0
4.2,15.0,60.0,1
6.0,17.0,68.1,0
5.3,14.0,74.2,1
1.3,9.0,85.9,1
2.7,8.0,65.1,0
0.5,7.0,64.9,0
3.0,10.0,61.0,0
2.3,13.0,47.0,0
3.1,15.0,100.0,1
1.0,13.0,70.2,0
6.5,16.0,66.4,1
3.0,10.0,81.0,0
1.9,18.0,49.2,0
0.9,12.0,82.0,1
5.2,8.0,92.4,1
2.0,14.0,49.7,0
9.3,14.0,72.3,1
3.5,13.0,49.2,0
6.0,14.0,50.8,0
2.8,11.0,91.7,1
1.9,12.0,79.5,1
0.5,10.0,57.9,0
7.1,17.0,49.5,1
7.0,20.0,91.0,1
3.6,10.0,59.3,0
3.7,16.0,82.3,0
2.2,17.0,46.4,0
3.7,15.0,80.2,0
3.4,23.0,39.6,1
0.5,10.0,56.6,0
5.4,12.0,79.1,0
1.6,9.0,45.2,0
0.9,6.0,64.1,0
2.5,20.0,57.0,1
0.9,14.0,65.2,0
10.6,17.0,93.9,1
2.6,14.0,69.2,0
0.5,10.0,65.9,0
1.5,10.0,74.2,0
0.5,11.0,95.5,0
3.3,15.0,51.1,0
3.1,14.0,73.2,0
4.3,21.0,45.4,0
1.6,8.0,52.7,0
2.3,13.0,79.7,1
6.1,12.0,49.5,0
3.7,11.0,65.5,0
12.6,17.0,78.0,1
4.5,16.0,55.4,1
5.2,16.0,61.7,0
3.6,16.0,41.9,1
5.0,18.0,57.2,1
2.8,11.0,69.9,1
2.5,12.0,56.4,0
6.0,14.0,72.2,1
4.4,14.0,81.4,0
5.6,17.0,74.6,0
8.4,18.0,81.4,1
6.1,16.0,62.3,1
2.3,7.0,71.7,0
1.5,16.0,58.9,0
7.4,18.0,78.4,1
0.5,16.0,62.6,0
3.7,13.0,82.4,1
8.7,20.0,87.8,1
2.6,8.0,76.9,1
3.4,18.0,44.4,0
5.5,13.0,75.1,0
3.8,13.0,58.1,0
9.3,14.0,46.9,0
2.0,8.0,62.7,1
3.5,8.0,66.5,1
5.2,23.0,68.8,0
4.0,10.0,67.8,1
9.9,18.0,83.8,1
5.1,19.0,74.4,0
4.6,12.0,43.4,0
6.7,18.0,60.5,0
4.6,14.0,46.4,0
1.6,14.0,53.1,0
2.2,7.0,61.8,0
1.0,14.0,72.9,0
10.7,22.0,64.8,1
2.4,8.0,62.1,1
3.3,11.0,61.8,1
2.3,12.0,53.0,0
1.4,18.0,66.5,0
2.1,15.0,77.9,0
2.4,9.0,60.8,0
0.6,5.0,37.9,1
2.6,20.0,68.9,1
2.5,21.0,59.2,0
5.8,10.0,75.2,1
1.8,13.0,61.4,0
0.9,14.0,57.8,0
5.3,13.0,61.7,0
2.9,15.0,75.1,0
1.9,11.0,64.7,1
7.6,18.0,71.9,1
7.7,20.0,41.4,0
1.5,7.0,65.9,0
0.5,10.0,33.8,0
8.2,25.0,27.4,1
3.0,8.0,64.6,1
4.4,18.0,56.8,1
6.3,14.0,83.4,1
2.2,17.0,50.5,0
0.5,9.0,71.9,0
0.6,10.0,63.8,0
4.5,17.0,64.7,1
1.6,12.0,80.1,0
9.7,23.0,69.1,1
1.5,11.0,53.1,0
2.8,9.0,62.5,0
1.5,9.0,79.9,1
8.4,20.0,73.0,1
4.3,13.0,68.1,0
2.0,14.0,86.3,1
2.5,13.0,38.1,0
4.1,17.0,60.4,1
6.2,13.0,58.7,1
2.4,11.0,54.2,0
2.7,11.0,50.4,1
3.7,12.0,55.9,1
5.8,9.0,54.3,0
1.4,2.0,69.4,0
4.0,12.0,47.9,0
4.5,11.0,85.3,0
3.6,11.0,86.5,0
6.7,19.0,72.5,0
2.1,13.0,56.5,0
5.4,10.0,94.8,1
8.0,20.0,56.3,0
3.0,15.0,60.6,0
4.5,14.0,79.5,0
2.1,15.0,67.6,0
3.3,19.0,96.0,0
2.0,11.0,64.4,0
3.0,15.0,72.3,1
7.0,14.0,74.3,1
4.8,10.0,42.5,1
5.1,14.0,64.9,1
2.2,13.0,100.0,1
2.4,9.0,68.6,1
2.6,12.0,50.0,0
3.5,10.0,75.1,0
3.9,11.0,69.2,1
7.0,22.0,68.7,0
4.4,13.0,46.9,0
2.3,13.0,52.4,1
2.3,11.0,68.4,0
1.3,13.0,44.1,0
3.4,12.0,68.1,0
3.7,14.0,27.0,0
1.7,17.0,40.2,1
4.1,12.0,53.0,0
8.5,12.0,62.2,0
3.1,14.0,55.6,0
8.0,18.0,72.4,1
6.1,21.0,66.5,0
0.5,13.0,65.0,0
2.0,10.0,53.1,0
2.5,22.0,58.9,1
5.7,13.0,81.1,1
4.1,11.0,54.2,0
4.0,9.0,60.1,0
3.1,7.0,27.6,0
4.7,15.0,68.9,1
8.5,13.0,62.3,1
2.7,13.0,39.6,0
1.4,12.0,59.7,0
2.2,9.0,55.8,0
1.4,10.0,36.7,0
2.6,13.0,39.8,0
1.6,11.0,64.0,0
6.1,19.0,70.4,0
1.0,9.0,34.2,1
3.1,13.0,63.5,0
4.8,13.0,58.9,0
5.1,13.0,72.6,1
3.4,15.0,47.2,1
2.4,21.0,72.2,0
1.1,7.0,74.6,0
0.5,17.0,75.6,1
7.6,16.0,53.1,0
1.6,15.0,78.4,0
3.1,11.0,30.9,1
5.0,10.0,69.2,1
2.6,9.0,71.9,1
1.8,10.0,53.7,0
1.4,13.0,86.0,0
1.3,7.0,41.1,0
4.1,8.0,74.3,0
2.8,15.0,65.5,0
6.0,14.0,51.5,1
8.7,14.0,62.1,1
4.4,12.0,58.4,0
2.5,10.0,83.3,0
0.5,9.0,66.5,0
2.6,9.0,56.4,0
4.7,15.0,78.9,1
1.1,11.0,78.9,0
0.6,12.0,58.8,0
3.1,9.0,56.7,1
2.9,6.0,57.4,0
4.5,10.0,77.8,1
1.4,10.0,35.7,0
2.9,11.0,71.8,0
3.1,9.0,53.0,0
0.6,8.0,76.3,0
2.1,13.0,80.3,1
5.8,20.0,90.3,0
4.3,18.0,63.3,0
2.9,5.0,63.0,1
3.9,12.0,48.3,0
0.5,5.0,84.3,1
8.0,16.0,67.5,0
8.1,18.0,52.3,1
6.4,20.0,64.0,0
0.5,12.0,76.6,0
4.8,16.0,77.6,1
2.7,8.0,96.8,1
9.5,16.0,72.9,1
2.4,9.0,78.3,0
4.5,17.0,70.1,1
0.5,13.0,39.5,0
1.8,9.0,70.4,0
4.0,13.0,75.5,0
1.1,12.0,51.6,0
6.9,12.0,64.0,0
1.5,9.0,64.0,0
1.4,11.0,66.7,0
4.0,15.0,89.1,1
0.9,8.0,63.2,0
3.6,15.0,62.7,0
5.7,16.0,76.7,0
5.9,17.0,48.5,0
6.0,11.0,58.2,1
1.6,11.0,63.7,1
7.5,13.0,77.4,1
3.1,9.0,57.8,0
8.9,22.0,58.1,1
1.3,4.0,47.0,0
2.4,8.0,56.8,0
2.8,9.0,83.7,0
1.9,16.0,48.5,0
7.0,22.0,73.0,1
1.5,17.0,67.9,0
1.4,12.0,60.2,0
3.9,14.0,84.5,1
2.9,13.0,63.3,0
1.3,6.0,70.0,0
4.5,17.0,73.7,0
7.2,12.0,78.1,0
4.5,17.0,68.6,1
3.3,15.0,76.5,1
4.8,17.0,62.0,1
7.1,20.0,57.8,0
1.4,11.0,54.8,1
4.6,21.0,67.6,0
6.1,15.0,50.7,0
1.5,11.0,61.1,0
4.4,12.0,55.7,1
2.0,12.0,75.0,0
4.5,21.0,55.0,0
2.8,15.0,76.6,0
13.8,22.0,49.2,0
1.3,9.0,48.3,0
0.9,11.0,60.6,0
2.0,17.0,76.2,0
1.7,7.0,44.8,1
2.1,16.0,63.3,1
3.2,15.0,84.7,0
3.7,21.0,63.7,0
3.8,19.0,61.7,1
2.1,14.0,33.0,0
0.5,8.0,62.0,0
2.4,21.0,52.9,0
11.1,17.0,63.2,1
3.8,13.0,60.8,0
10.2,18.0,51.6,1
3.7,15.0,96.5,1
2.5,14.0,57.8,0
2.0,11.0,91.8,1
5.5,17.0,80.1,1
3.7,8.0,50.8,0
3.9,16.0,49.8,1
4.0,14.0,50.9,0
4.4,11.0,61.5,0
6.3,19.0,39.2,1
3.6,15.0,72.6,1
2.0,11.0,50.8,0
4.4,11.0,55.8,0
1.6,6.0,48.5,0
1.8,7.0,55.5,1
4.1,18.0,53.5,0
3.8,20.0,60.5,0
1.7,8.0,65.2,0
9.1,19.0,63.8,1
1.0,7.0,77.6,0
1.7,12.0,48.2,0
2.5,11.0,54.6,0
5.0,20.0,60.9,1
8.9,15.0,85.7,1
8.5,12.0,71.7,0
2.8,16.0,62.5,0
3.8,15.0,67.2,0
10.4,18.0,86.0,1
7.3,18.0,49.6,0
0.8,8.0,73.7,1
8.1,13.0,48.9,0
1.7,7.0,47.7,0
3.4,8.0,63.0,1
5.4,15.0,100.0,1
2.9,17.0,85.2,0
0.5,4.0,82.3,0
4.8,16.0,54.5,0
8.1,10.0,73.2,1
1.4,11.0,46.8,0
2.7,12.0,55.6,0
4.8,11.0,89.4,0
1.9,9.0,74.1,0
1.8,9.0,81.9,0
1.5,9.0,73.4,0
6.1,14.0,74.3,0
9.3,14.0,80.8,1
4.3,11.0,67.3,0
6.0,15.0,35.8,1
5.2,14.0,65.2,0
5.4,17.0,66.7,0
2.5,8.0,79.4,0
2.0,14.0,57.6,0
6.2,18.0,64.5,1
3.6,15.0,76.5,0
1.1,9.0,86.2,1
4.4,11.0,68.6,0
6.1,25.0,76.2,1
4.9,18.0,65.3,0
3.2,14.0,81.0,0
4.3,19.0,66.6,1
2.2,10.0,80.0,1
4.0,12.0,43.8,0
4.7,11.0,68.8,1
4.1,12.0,73.2,1
6.9,17.0,56.2,1
2.6,14.0,59.2,0
2.2,11.0,50.0,0
3.2,12.0,66.6,1
2.7,12.0,100.0,0
7.9,15.0,86.9,0
4.8,14.0,56.1,0
3.0,17.0,38.9,0
3.9,12.0,52.2,0
6.7,12.0,84.5,1
5.4,12.0,58.1,0
2.2,13.0,54.9,1
3.4,20.0,86.2,1
0.5,9.0,55.6,0
2.5,9.0,70.8,0
3.3,12.0,53.6,0
4.7,17.0,54.3,0
3.3,14.0,100.0,0
3.4,13.0,79.5,0
2.6,12.0,60.6,0
1.9,11.0,52.7,1
1.9,14.0,67.3,0
2.9,9.0,69.1,0
4.6,14.0,99.8,1
1.2,12.0,65.7,0
2.3,9.0,45.6,0
5.2,10.0,61.2,0
10.3,19.0,68.1,1
4.8,12.0,55.2,1
2.4,13.0,68.4,0
8.3,18.0,54.0,1
3.7,11.0,79.4,1
4.2,11.0,87.4,1
4.3,13.0,40.1,0
1.9,6.0,48.7,0
1.2,15.0,75.9,0
3.0,9.0,53.4,0
4.1,15.0,49.9,0
4.1,11.0,73.4,0
2.0,12.0,92.5,1
4.1,18.0,65.5,0
1.8,6.0,62.3,0
5.3,15.0,73.7,0
3.6,10.0,67.5,1
1.0,4.0,63.9,0
2.3,10.0,39.3,1
2.6,9.0,98.3,0
8.2,16.0,75.3,1
4.2,20.0,76.0,0
6.2,13.0,74.6,0
2.6,9.0,71.1,1
4.0,12.0,81.2,0
0.9,13.0,45.0,0
4.9,19.0,64.6,0
3.1,11.0,88.9,0
2.6,11.0,96.4,1
3.8,11.0,71.9,0
7.6,19.0,34.8,0
4.0,11.0,77.6,0
2.8,11.0,41.1,0
6.3,15.0,49.1,1
2.3,16.0,66.6,0
5.3,18.0,69.2,0
3.6,12.0,61.6,0
6.2,16.0,80.7,1
3.2,14.0,60.5,0
2.7,16.0,61.9,0
10.6,19.0,68.0,0
11.9,18.0,66.5,1
5.1,18.0,62.2,1
7.3,18.0,68.9,1
1.1,13.0,58.3,1
5.9,15.0,85.0,0
9.2,14.0,81.5,1
3.6,9.0,91.1,1
8.2,17.0,69.4,1
4.4,13.0,54.9,1
3.8,16.0,80.9,0
2.1,7.0,61.7,0
2.8,10.0,77.5,0
5.2,15.0,65.2,1
0.6,9.0,64.2,0
4.1,11.0,46.9,0
3.4,14.0,70.8,0
5.4,13.0,60.6,0
2.1,15.0,62.8,0
0.8,9.0,78.7,1
3.9,11.0,73.7,0
11.8,19.0,89.8,1
2.0,14.0,56.0,0
2.6,9.0,66.1,1
1.2,14.0,68.5,0
0.5,11.0,61.3,0
8.5,16.0,50.6,1
9.1,26.0,58.4,1
0.5,11.0,76.1,0
0.8,12.0,83.0,0
4.7,8.0,39.8,0
2.7,14.0,92.7,1
7.8,15.0,71.0,0
2.5,21.0,58.3,1
2.4,12.0,58.2,0
8.2,16.0,61.6,1
2.1,9.0,45.2,0
2.9,12.0,91.5,0
3.8,9.0,55.6,0
5.1,9.0,40.7,0
2.9,13.0,41.7,0
3.6,17.0,57.2,1
3.4,13.0,66.0,1
3.4,9.0,60.7,1
3.9,9.0,77.1,0
6.6,14.0,58.6,1
9.3,18.0,45.9,0
3.7,11.0,63.8,0
5.2,16.0,59.8,0
1.5,16.0,87.1,0
4.4,13.0,65.5,1
1.6,12.0,58.6,0
3.6,16.0,52.1,0
2.5,12.0,65.4,0
3.9,10.0,93.1,0
2.4,10.0,72.4,1
1.9,8.0,71.2,0
5.8,19.0,57.9,0
3.3,8.0,57.3,0
3.3,17.0,56.8,0
6.0,16.0,56.6,0
0.6,6.0,85.6,0
7.8,19.0,59.0,0
5.2,17.0,81.7,0
2.8,11.0,53.1,0
1.3,10.0,68.8,0
4.7,15.0,59.1,0
10.0,23.0,75.5,1
8.3,15.0,55.3,1
2.0,8.0,100.0,0
4.3,13.0,73.3,1
4.0,14.0,48.6,0
5.1,16.0,67.6,0
4.4,15.0,64.3,0
2.1,11.0,52.8,0
6.9,18.0,51.3,0
2.6,12.0,75.1,0
7.1,14.0,57.8,1
1.7,14.0,84.3,1
5.7,17.0,49.6,1
1.8,11.0,53.2,1
7.5,25.0,66.0,0
3.0,11.0,50.0,0
3.4,12.0,69.2,1
11.9,14.0,71.7,1
5.7,12.0,44.2,1
5.8,13.0,68.9,0
6.8,18.0,75.0,1
7.2,18.0,43.8,0
2.4,13.0,63.8,0
8.3,22.0,52.0,1
0.5,7.0,39.3,0
0.6,9.0,67.8,0
2.5,11.0,82.4,0
2.7,9.0,44.5,0
1.5,11.0,71.1,0
2.4,9.0,49.7,0
5.5,8.0,60.9,1
3.4,12.0,76.4,0
2.5,15.0,44.5,0
4.9,15.0,72.0,1
0.8,12.0,70.7,0
4.4,18.0,65.1,0
6.6,15.0,56.4,0
1.2,10.0,73.8,0
2.1,16.0,83.8,1
1.8,12.0,67.8,1
3.1,10.0,56.5,0
3.9,16.0,63.9,0
3.0,14.0,74.2,0
6.4,16.0,46.3,0
11.7,16.0,73.6,1
1.0,10.0,62.3,0
1.9,11.0,54.8,0
2.3,14.0,69.9,0
4.7,19.0,57.0,0
3.9,12.0,71.6,0
2.3,15.0,36.4,0
4.4,17.0,68.2,1
3.2,14.0,63.5,0
6.2,11.0,40.7,0
1.2,4.0,50.5,0
9.5,23.0,53.0,1
4.5,14.0,70.5,0
5.2,13.0,65.8,1
4.6,15.0,63.5,0
1.3,11.0,36.5,0
2.2,15.0,80.6,0
9.1,13.0,43.4,1
5.1,14.0,58.5,0
4.0,14.0,58.9,0
4.0,9.0,64.3,0
6.6,14.0,78.3,0
1.8,15.0,66.2,0
5.7,18.0,85.1,1
2.3,12.0,56.2,0
2.7,8.0,64.9,1
1.7,11.0,61.1,0
1.2,9.0,63.4,0
4.8,13.0,49.9,0
3.2,11.0,62.4,1
0.5,9.0,57.0,0
11.2,16.0,33.9,1
1.2,16.0,49.5,0
3.1,11.0,91.5,0
2.7,17.0,87.0,1
0.8,13.0,65.2,0
0.9,17.0,79.3,1
11.1,16.0,73.2,1
11.8,20.0,83.8,1
1.2,11.0,72.0,0
4.1,11.0,64.3,0
5.9,15.0,61.9,1
5.5,16.0,77.4,1
3.0,13.0,72.3,0
1.3,14.0,98.9,0
3.6,16.0,56.8,0
6.6,17.0,91.8,1
5.4,16.0,68.6,1
2.4,11.0,81.8,1
3.7,11.0,60.9,0
6.2,16.0,84.7,1
4.6,11.0,82.4,0
3.1,16.0,85.4,0
0.8,9.0,79.9,1
2.4,19.0,68.1,0
5.0,14.0,63.8,0
4.7,17.0,57.4,1
2.4,12.0,56.9,0
3.4,11.0,69.7,0
2.1,11.0,52.5,1
1.2,9.0,38.9,0
1.4,11.0,62.0,0
6.8,14.0,81.6,1
8.1,16.0,50.6,1
8.6,14.0,47.4,0
1.3,14.0,64.3,1
4.7,14.0,66.8,0
4.5,17.0,62.1,0
0.5,9.0,55.5,0
3.8,18.0,55.1,1
2.2,12.0,94.9,1
2.7,11.0,64.1,1
2.9,9.0,65.2,1
1.1,9.0,76.6,0
1.3,10.0,59.8,0
7.4,13.0,61.8,1
3.1,7.0,62.7,1
2.9,10.0,73.8,0
6.7,17.0,50.4,0
4.2,7.0,71.7,0
9.1,17.0,59.9,0
4.9,7.0,73.0,0
2.8,11.0,78.1,0
3.6,11.0,60.9,0
8.0,25.0,82.3,1
6.9,10.0,63.1,1
4.3,16.0,78.5,1
7.5,15.0,39.1,0
4.2,18.0,68.6,0
2.0,20.0,75.4,1
7.5,18.0,66.9,1
1.7,8.0,52.2,1
6.4,16.0,70.5,1
5.2,15.0,82.3,1
7.6,16.0,32.6,0
4.4,13.0,52.1,0
1.9,9.0,50.0,0
4.8,13.0,50.2,0
0.6,6.0,82.1,0
5.5,17.0,54.5,0
3.8,12.0,60.5,0
2.1,12.0,66.0,0
2.2,13.0,73.5,1
3.2,18.0,49.8,1
4.3,13.0,68.8,0
5.1,13.0,86.3,0
7.8,18.0,52.4,0
1.8,10.0,59.2,0
6.1,17.0,78.7,1
2.3,19.0,68.3,0
1.3,11.0,76.6,0
2.7,13.0,88.1,0
8.2,20.0,37.5,1
6.3,17.0,54.5,1
3.0,7.0,63.2,0
3.1,11.0,61.1,0
7.1,15.0,74.2,1
2.3,14.0,51.5,0
2.2,12.0,57.1,0
3.5,14.0,81.9,0
1.7,12.0,61.0,0
1.1,5.0,51.0,0
3.4,10.0,50.2,0
3.2,17.0,66.8,0
1.1,13.0,32.9,0
4.9,13.0,47.1,0
1.7,12.0,74.0,1
7.5,16.0,73.6,0
2.0,10.0,26.2,0
0.7,11.0,77.0,0
3.5,9.0,73.3,0
12.7,17.0,77.8,1
4.1,14.0,65.2,0
3.0,16.0,85.3,0
7.0,14.0,66.3,0
3.1,16.0,47.8,0
2.2,9.0,56.4,0
1.2,14.0,61.0,0
2.1,9.0,54.7,1
4.0,8.0,48.7,0
3.0,10.0,79.6,0
0.5,12.0,48.4,0
5.3,20.0,58.5,0
10.1,18.0,38.3,1
0.5,8.0,79.5,0
10.6,13.0,62.3,1
2.5,15.0,66.9,0
5.8,12.0,32.7,0
9.1,16.0,56.2,1
0.7,13.0,54.3,0
6.7,16.0,86.9,1
5.4,12.0,72.5,0
14.9,20.0,52.5,1
8.0,14.0,75.0,1
2.7,14.0,65.3,0
3.9,12.0,71.0,0
2.7,11.0,63.3,0
5.6,17.0,48.7,1
1.0,9.0,45.4,0
1.0,9.0,59.5,1
0.6,4.0,60.5,0
1.9,10.0,76.3,0
5.2,15.0,77.9,1
4.2,10.0,68.1,0
2.0,10.0,76.4,1
2.6,15.0,59.8,1
0.9,12.0,81.3,1
4.9,17.0,93.0,1
5.0,16.0,48.0,0
6.5,19.0,62.1,1
4.1,14.0,63.4,0
4.3,9.0,65.2,0
5.3,15.0,59.3,1
4.7,10.0,62.0,0
3.7,20.0,68.1,0
1.6,12.0,66.3,0
2.7,16.0,60.7,0
4.1,14.0,62.6,0
5.2,13.0,68.3,1
5.2,22.0,76.2,1
8.3,18.0,59.0,0
0.9,9.0,63.1,0
3.5,16.0,40.4,0
8.5,18.0,29.9,0
1.6,10.0,54.7,0
1.1,17.0,65.0,0
6.5,15.0,60.5,1
1.8,10.0,94.0,1
1.2,8.0,61.8,1
0.6,13.0,46.8,0
6.1,17.0,80.2,1
0.9,11.0,89.7,0
2.3,10.0,67.1,1
4.6,12.0,55.4,0
1.3,12.0,55.8,0
6.4,14.0,72.1,1
2.4,11.0,83.0,1
1.8,8.0,74.1,1
3.7,15.0,75.5,1
1.7,9.0,61.1,0
2.3,11.0,71.2,0
2.0,8.0,66.6,0
4.2,15.0,52.0,1
6.3,11.0,63.1,1
6.2,15.0,83.7,1
3.9,7.0,54.3,1
3.1,14.0,59.0,0
2.0,8.0,61.3,0
1.1,18.0,62.0,0
0.8,7.0,49.1,0
1.7,7.0,60.0,0
1.7,15.0,72.2,0
0.5,12.0,56.4,0
8.6,18.0,89.9,1
0.7,9.0,80.1,0
1.4,12.0,67.6,0
2.4,10.0,77.2,1
5.9,14.0,76.7,0
7.0,13.0,78.1,0
6.7,16.0,85.7,1
5.4,11.0,71.2,1
13.9,23.0,69.4,1
7.6,16.0,83.0,1
4.9,13.0,45.6,0
4.2,20.0,80.5,1
3.2,12.0,44.3,0
6.6,14.0,54.9,0
1.3,10.0,39.3,0
1.1,10.0,60.9,0
1.4,9.0,78.4,0
2.7,12.0,68.3,1
4.5,12.0,79.9,1
1.8,16.0,49.9,0
8.4,11.0,100.0,1
4.7,20.0,65.1,1
2.7,11.0,95.4,0
2.8,11.0,79.7,0
3.5,15.0,78.8,0
4.6,16.0,60.4,1
3.1,14.0,76.2,1
5.5,13.0,57.7,0
7.4,14.0,59.4,1
7.6,18.0,49.6,0
3.8,12.0,68.5,1
3.9,19.0,72.9,0
2.3,11.0,100.0,0
3.7,15.0,64.7,0
3.5,15.0,64.7,0
2.7,11.0,70.3,1
4.9,12.0,64.0,0
2.8,11.0,63.9,0
3.5,10.0,67.8,1
2.0,14.0,59.4,0
4.4,11.0,41.8,0
2.7,16.0,42.1,0
5.9,20.0,53.1,0
8.7,23.0,67.5,1
1.6,14.0,66.8,0
4.0,13.0,69.9,1
0.7,8.0,84.9,0
1.0,15.0,49.3,1
3.9,13.0,44.4,0
6.8,17.0,61.6,1
1.8,10.0,57.1,0
3.4,12.0,57.8,0
1.0,11.0,48.8,0
1.9,7.0,69.1,0
0.9,7.0,40.4,0
4.9,15.0,41.1,0
2.9,12.0,61.1,0
2.3,15.0,86.1,1
1.3,14.0,33.8,0
2.5,6.0,68.7,1
2.5,8.0,72.7,0
0.9,11.0,77.8,0
4.9,19.0,45.6,0
1.9,8.0,100.0,0
3.0,11.0,59.6,0
2.2,20.0,50.8,0
7.1,17.0,63.0,0
2.5,15.0,65.3,0
1.1,13.0,78.1,1
2.5,15.0,46.4,1
3.2,10.0,69.2,0
10.5,19.0,36.0,0
5.2,16.0,64.2,0
3.0,10.0,69.9,0
4.9,14.0,66.5,0
8.6,16.0,55.6,1
4.3,10.0,57.7,0
1.4,14.0,54.6,0
3.3,10.0,42.1,0
5.0,17.0,69.0,0
1.7,8.0,39.9,0
2.6,14.0,59.5,1
6.5,21.0,77.1,1
3.0,12.0,72.5,0
5.9,17.0,68.5,1
4.6,15.0,55.0,0
3.1,13.0,81.8,0
10.6,20.0,53.8,0
2.4,11.0,75.5,0
4.7,15.0,98.5,1
0.8,11.0,66.2,1
0.5,13.0,77.0,1
10.3,18.0,67.6,0
5.2,15.0,59.2,0
3.5,15.0,42.4,0
4.0,12.0,58.7,1
7.8,14.0,95.0,0
5.0,16.0,70.1,0
15.0,21.0,75.4,1
5.9,19.0,69.0,0
2.1,9.0,74.1,0
1.6,6.0,73.1,0
3.9,12.0,79.8,0
2.5,10.0,99.6,1
2.9,16.0,66.0,0
1.3,15.0,59.6,0
0.8,10.0,61.5,0
3.7,8.0,76.1,0
0.6,10.0,71.1,0
7.8,15.0,53.6,0
2.9,8.0,72.5,0
4.5,11.0,44.8,1
8.0,16.0,86.7,1
4.3,18.0,69.1,1
8.1,13.0,52.2,0
6.6,12.0,65.5,0
7.5,20.0,68.8,0
6.5,14.0,52.1,0
2.9,11.0,90.1,0
6.4,18.0,60.6,1
1.1,11.0,66.6,0
0.6,7.0,88.3,1
4.0,15.0,79.6,1
0.8,19.0,94.6,0
8.1,15.0,80.5,1
0.7,13.0,68.7,0
3.7,9.0,41.5,0
5.3,16.0,91.2,1
4.4,16.0,53.0,0
10.2,20.0,53.0,0
0.6,15.0,68.7,1
1.4,9.0,54.2,1
2.1,9.0,75.2,0
2.6,11.0,65.8,0
3.2,8.0,56.3,0
5.7,11.0,66.5,1
7.4,18.0,54.7,0
3.5,16.0,88.4,1
14.3,17.0,60.3,1
2.0,14.0,70.2,1
4.2,10.0,66.1,0
6.3,12.0,53.5,0
3.2,14.0,65.5,0
4.1,11.0,61.1,0
2.0,10.0,32.3,0
2.1,12.0,75.0,0
6.2,15.0,31.7,0
1.2,7.0,55.0,0
0.6,9.0,69.4,1
2.3,7.0,21.4,0
1.2,4.0,48.4,0
7.2,14.0,78.6,1
1.8,14.0,66.9,1
2.3,11.0,76.2,1
1.5,14.0,56.5,1
7.8,14.0,56.7,1
1.3,8.0,81.8,0
2.4,13.0,58.1,0
4.4,16.0,82.3,1
3.7,14.0,93.5,1
3.7,13.0,73.9,1
0.8,10.0,52.6,0
2.2,15.0,58.4,0
5.1,17.0,76.1,0
0.5,12.0,70.0,1
3.6,7.0,59.4,0
8.4,25.0,36.7,1
3.2,13.0,94.6,0
1.0,9.0,62.8,0
6.8,20.0,44.6,0
8.7,15.0,82.8,1
9.1,18.0,63.6,1
5.3,18.0,41.3,1
2.8,8.0,70.0,0
1.9,15.0,72.3,0
1.0,13.0,87.3,0
2.6,11.0,64.2,1
0.9,10.0,35.8,0
1.0,10.0,50.1,0
1.1,9.0,49.5,0
1.4,12.0,33.4,0
10.2,18.0,54.9,1
3.2,11.0,62.7,0
5.0,11.0,86.3,1
5.8,10.0,66.4,1
8.1,13.0,62.6,1
9.1,17.0,61.7,1
3.3,11.0,22.9,0
3.5,11.0,72.4,0
3.3,11.0,55.2,0
1.0,10.0,52.7,0
2.7,11.0,69.6,1
2.8,13.0,85.2,0
1.5,10.0,69.1,1
1.3,6.0,52.6,0
0.6,7.0,70.6,0
9.3,17.0,74.8,0
15.0,23.0,72.8,1
5.3,17.0,51.7,0
1.6,9.0,88.4,0
1.1,8.0,52.8,0
8.9,18.0,85.4,0
7.9,16.0,43.4,1
1.0,11.0,68.4,0
4.4,12.0,62.6,0
2.8,14.0,86.4,1
1.5,11.0,100.0,0
1.0,7.0,69.6,0
4.6,11.0,68.5,0
1.1,14.0,67.5,1
9.8,20.0,61.9,1
3.9,14.0,76.5,1
1.7,8.0,69.0,0
2.9,14.0,63.2,1
5.7,18.0,56.2,0
3.1,9.0,54.4,1
10.6,20.0,65.1,1
4.7,10.0,77.6,0
12.6,19.0,82.5,1
4.5,15.0,55.5,1
4.7,12.0,73.7,0
1.0,14.0,77.8,0
15.0,21.0,37.6,1
3.5,18.0,60.2,0
4.5,14.0,88.9,1
5.0,16.0,60.5,0
0.6,5.0,60.9,1
3.3,11.0,82.4,1
10.2,14.0,28.5,1
1.7,12.0,52.1,0
5.8,18.0,45.9,0
1.1,9.0,64.0,1
3.8,14.0,52.4,0
2.0,13.0,80.5,0
1.8,7.0,41.6,1
2.7,13.0,53.3,0
6.6,10.0,62.1,0
6.4,16.0,59.4,1
4.1,6.0,87.0,0
6.0,17.0,77.5,0
2.4,11.0,83.8,0
3.4,14.0,53.9,0
1.1,7.0,74.1,0
3.5,12.0,66.8,1
5.1,16.0,91.3,1
2.6,16.0,69.5,1
3.5,14.0,78.7,0
2.1,9.0,61.9,0
9.7,21.0,59.9,1
1.1,12.0,50.5,0
2.8,13.0,85.9,1
2.3,16.0,96.8,1
2.9,10.0,46.2,0
6.9,10.0,90.3,1
2.0,17.0,38.4,0
3.6,11.0,43.8,0
1.3,6.0,47.4,0
6.9,14.0,90.9,0
15.0,19.0,84.7,1
1.3,13.0,85.9,0
6.1,16.0,55.4,0
3.1,11.0,58.5,0
3.9,14.0,83.6,0
1.4,4.0,59.0,0
3.3,16.0,38.5,0
3.2,13.0,53.1,0
5.7,13.0,78.1,1
7.4,12.0,61.9,1
1.2,13.0,95.5,0
6.0,11.0,26.4,0
1.9,13.0,60.3,1
3.7,17.0,57.2,0
4.8,14.0,49.2,0
4.9,13.0,92.7,0
7.8,14.0,72.9,1
1.6,9.0,76.8,0
1.1,14.0,52.8,0
2.2,13.0,43.0,0
1.9,14.0,73.2,0
2.5,14.0,51.1,0
2.9,14.0,93.8,1
2.5,15.0,57.7,1
2.9,13.0,56.2,1
4.7,16.0,29.7,0
1.5,14.0,75.1,1
1.9,11.0,71.2,0
2.7,15.0,43.2,0
0.9,12.0,80.1,0
4.1,9.0,58.4,0
4.8,14.0,64.4,0
5.5,17.0,42.6,1
3.5,16.0,71.7,1
3.6,16.0,72.0,1
4.5,12.0,85.4,1
1.7,7.0,54.2,0
4.6,11.0,46.6,0
2.3,11.0,66.4,0
14.9,20.0,64.9,1
1.2,9.0,72.5,0
5.2,20.0,51.0,1
2.6,8.0,64.2,0
1.3,8.0,67.8,0
1.1,9.0,78.1,0
3.3,14.0,79.4,1
3.8,13.0,48.4,0
4.5,11.0,54.0,1
2.3,16.0,70.5,0
4.4,14.0,59.9,0
1.2,10.0,71.1,0
3.8,10.0,62.4,0
6.9,14.0,100.0,1
1.6,14.0,36.8,0
7.4,22.0,79.9,1
2.4,14.0,68.3,0
3.9,14.0,51.5,0
7.4,19.0,51.0,0
1.9,15.0,61.7,0
1.9,8.0,66.2,0
2.7,14.0,63.1,0
3.2,14.0,75.8,0
4.8,19.0,94.2,0
0.5,7.0,31.7,0
8.6,14.0,69.4,1
4.2,16.0,72.8,1
5.7,13.0,68.2,0
1.6,13.0,60.7,0
5.9,12.0,81.7,0
4.8,15.0,65.7,0
1.7,15.0,45.2,0
2.6,12.0,39.3,0
2.4,12.0,68.1,0
1.9,13.0,47.4,0
3.2,9.0,70.5,0
1.9,13.0,72.8,1
1.4,17.0,65.2,1
5.5,12.0,36.4,0
6.6,14.0,89.6,1
1.2,13.0,63.8,0
8.8,21.0,74.0,1
2.3,11.0,67.5,1
1.5,16.0,65.2,0
7.9,17.0,50.1,1
0.9,16.0,40.9,0
3.9,16.0,72.1,0
10.7,19.0,52.5,1
7.9,17.0,70.3,0
4.7,13.0,61.1,0
2.7,11.0,80.7,0
1.0,6.0,94.6,1
2.5,13.0,100.0,1
7.1,20.0,84.3,1
2.4,15.0,77.1,0
4.1,14.0,64.3,0
1.0,14.0,69.7,1
1.4,15.0,67.7,0
2.9,13.0,62.4,0
5.1,11.0,60.8,0
1.4,7.0,60.8,0
3.2,14.0,80.4,1
1.5,13.0,64.5,0
9.1,18.0,62.1,1
2.7,16.0,82.3,0
13.0,14.0,39.5,0
1.0,18.0,88.8,0
3.5,13.0,74.5,1
6.7,20.0,52.7,0
3.6,17.0,62.2,1
10.6,17.0,42.7,0
2.6,9.0,99.1,0
2.7,6.0,62.6,1
5.5,10.0,57.5,0
2.3,10.0,79.7,0
1.5,11.0,95.1,0
3.1,14.0,79.6,0
7.2,14.0,37.5,0
1.9,16.0,53.6,0
4.4,18.0,74.5,0
3.9,13.0,73.2,1
1.0,11.0,100.0,0
8.7,14.0,97.0,1
3.8,14.0,41.6,0
3.1,11.0,67.3,0
3.4,15.0,81.5,1
3.6,10.0,49.8,0
2.3,13.0,70.1,1
5.6,10.0,55.5,0
4.2,13.0,71.8,0
2.3,14.0,19.4,0
6.3,12.0,83.4,1
2.2,16.0,78.0,0
1.4,13.0,90.9,1
7.0,13.0,86.1,1
4.9,17.0,51.9,0
10.5,14.0,72.0,1
4.4,21.0,95.4,1
2.9,12.0,29.2,0
4.1,9.0,59.0,0
2.6,13.0,79.6,0
2.3,11.0,90.9,1
4.5,10.0,58.0,0
1.2,6.0,71.4,0
1.8,7.0,26.3,0
4.6,19.0,50.7,0
4.5,17.0,59.9,0
5.3,13.0,76.2,1
8.5,19.0,77.7,1
2.7,13.0,71.7,0
6.7,15.0,59.4,1
4.3,14.0,61.0,0
1.8,9.0,67.5,0
3.1,15.0,79.7,0
0.7,8.0,54.8,0
6.4,19.0,59.8,0
2.6,10.0,96.7,0
2.4,11.0,74.8,1
5.0,17.0,43.7,0
2.6,8.0,96.0,1
1.1,8.0,52.0,0
5.0,12.0,80.8,1
7.9,19.0,48.5,1
4.1,16.0,61.0,0
2.8,12.0,64.6,0
6.0,21.0,42.4,1
2.0,13.0,60.9,0
4.8,10.0,89.1,1
1.6,13.0,96.9,1
3.1,11.0,68.2,1
2.8,9.0,71.6,0
4.4,14.0,68.8,0
5.2,13.0,41.3,1
5.8,14.0,52.3,0
0.5,13.0,73.6,0
3.1,12.0,33.8,0
4.8,11.0,47.2,0
1.5,13.0,78.3,0
2.0,10.0,82.1,0
10.8,20.0,79.1,1
5.0,11.0,45.9,0
4.9,16.0,42.5,0
0.8,6.0,16.9,0
3.4,9.0,54.9,0
4.7,11.0,65.3,0
7.1,13.0,71.1,0
1.2,11.0,74.7,1
3.1,11.0,73.3,1
2.6,9.0,83.2,0
1.4,13.0,68.4,0
3.3,15.0,64.6,0
1.4,9.0,55.7,0
2.4,12.0,64.9,0
1.6,14.0,50.4,0
1.9,16.0,82.6,1
5.9,16.0,55.6,0
0.5,9.0,41.0,0
3.3,17.0,87.7,0
0.6,11.0,95.0,0
2.9,14.0,60.1,1
0.9,10.0,70.3,0
3.1,7.0,81.9,1
8.0,17.0,63.9,0
3.0,13.0,81.2,1
3.0,13.0,48.1,0
1.3,10.0,61.6,0
3.5,14.0,52.1,0
0.5,7.0,77.6,1
4.6,11.0,42.1,0
1.7,12.0,51.3,1
8.6,19.0,71.1,1
2.8,14.0,57.9,1
6.4,19.0,84.6,0
0.9,11.0,57.5,1
0.9,9.0,61.8,0
2.0,10.0,52.1,0
3.4,14.0,56.5,0
0.7,7.0,63.9,0
2.0,8.0,52.9,0
6.1,17.0,45.6,0
2.7,8.0,53.4,0
2.0,10.0,90.7,1
4.0,11.0,76.7,0
6.7,16.0,57.1,0
10.5,18.0,72.5,0
0.8,11.0,100.0,0
5.3,11.0,68.6,1
10.9,19.0,89.8,1
2.6,10.0,60.9,0
2.2,12.0,66.2,0
5.9,15.0,61.2,0
5.1,18.0,73.5,0
3.0,12.0,86.2,0
0.7,19.0,81.0,0
15.0,26.0,90.1,1
2.5,6.0,69.6,0
0.6,7.0,40.9,0
1.3,10.0,76.4,1
3.6,11.0,56.8,0
2.3,12.0,51.8,0
4.1,12.0,68.6,0
6.1,19.0,45.9,1
5.1,15.0,73.5,1
3.3,12.0,85.3,1
5.5,7.0,75.5,0
4.5,12.0,57.8,0
3.7,10.0,55.6,0
3.4,12.0,64.0,0
1.3,10.0,53.8,0
6.7,11.0,70.9,0
2.3,10.0,64.3,0
1.1,11.0,59.2,0
3.2,13.0,75.8,1
2.3,9.0,67.3,0
6.3,10.0,91.5,0
7.4,16.0,57.2,0
1.0,7.0,70.7,0
10.9,25.0,36.2,1
1.1,11.0,61.2,0
1.1,12.0,85.8,1
4.5,11.0,69.8,0
4.3,13.0,70.1,0
3.2,18.0,49.2,0
5.6,15.0,74.5,1
2.8,14.0,63.8,0
5.6,15.0,55.9,1
6.2,13.0,53.0,1
2.2,7.0,65.6,1
5.8,16.0,61.8,1
4.4,10.0,75.1,1
4.5,13.0,71.7,0
1.5,4.0,72.4,0
8.0,14.0,45.6,0
7.7,18.0,41.0,1
7.6,15.0,78.0,1
1.4,17.0,52.8,0
9.4,15.0,55.4,1
6.5,14.0,67.9,1
2.2,9.0,75.9,0
1.4,11.0,51.9,0
3.6,15.0,45.0,0
9.1,16.0,63.2,1
4.2,10.0,81.0,1
5.0,15.0,66.0,0
6.8,15.0,90.5,1
4.7,15.0,69.4,1
8.5,20.0,67.9,0
2.3,12.0,78.3,1
8.1,15.0,54.6,0
9.0,16.0,60.3,0
4.0,10.0,63.9,0
3.7,14.0,56.1,0
1.3,12.0,75.0,1
1.5,9.0,86.1,0
3.7,14.0,64.2,0
1.3,11.0,59.9,0
3.0,16.0,64.9,1
0.5,6.0,57.0,0
6.1,14.0,50.7,0
1.1,9.0,54.3,1
5.0,14.0,86.4,1
4.6,13.0,83.4,0
0.6,10.0,71.1,0
4.7,11.0,76.2,1
3.2,10.0,70.2,1
3.9,10.0,57.1,0
6.9,13.0,84.8,1
4.4,18.0,59.3,0
4.5,15.0,69.3,0
3.5,9.0,65.6,1
1.6,21.0,53.9,0
3.1,7.0,82.5,0
3.0,11.0,59.4,1
1.6,5.0,68.8,0
4.7,19.0,45.2,0
2.2,11.0,68.4,0
6.6,10.0,72.2,1
2.1,16.0,63.1,0
2.7,10.0,68.7,0
6.3,20.0,46.1,1
3.5,17.0,53.3,0
1.3,11.0,57.6,1
5.8,8.0,74.9,1
1.6,13.0,22.1,0
2.9,12.0,100.0,1
5.2,15.0,54.5,1
0.5,12.0,56.3,0
11.9,24.0,43.9,1
3.9,13.0,73.4,0
4.0,17.0,86.2,0
4.8,17.0,60.2,0
10.0,20.0,93.4,1
2.6,17.0,55.4,1
1.7,7.0,68.4,0
3.2,10.0,52.9,0
6.7,12.0,67.6,0
4.4,12.0,74.0,0
3.7,15.0,53.2,0
6.7,16.0,75.5,0
10.9,20.0,58.4,1
2.7,11.0,61.9,0
3.2,12.0,85.8,1
0.5,5.0,81.3,0
0.5,12.0,45.9,0
7.7,15.0,93.9,0
1.9,11.0,53.5,0
2.4,9.0,78.6,1
2.6,13.0,65.0,1
2.1,13.0,64.2,0
5.3,9.0,60.8,1
1.4,6.0,40.1,0
1.1,5.0,100.0,1
1.0,6.0,86.4,0
4.9,12.0,35.3,1
5.1,12.0,40.8,0
1.2,9.0,74.7,1
1.5,17.0,94.7,0
2.4,16.0,52.2,1
1.7,15.0,53.4,0
7.2,17.0,80.2,1
5.5,15.0,92.7,0
2.6,12.0,41.2,0
4.1,11.0,79.3,0
2.5,12.0,59.4,0
6.7,20.0,68.5,0
4.0,13.0,59.1,0
10.9,19.0,53.9,1
2.4,11.0,65.9,1
6.9,26.0,63.9,0
2.6,6.0,73.8,0
4.1,12.0,65.8,0
5.9,11.0,54.6,1
5.2,13.0,66.2,1
3.4,12.0,73.7,1
3.8,12.0,85.7,1
7.7,18.0,72.0,0
9.7,16.0,51.2,0
9.5,25.0,73.0,1
10.7,15.0,61.1,1
1.1,10.0,48.9,0
2.1,11.0,62.7,1
8.7,11.0,67.8,1
3.2,9.0,50.6,1
5.9,19.0,75.7,0
4.0,10.0,50.2,0
4.3,9.0,76.4,0
2.2,11.0,97.0,0
5.1,13.0,50.8,1
3.8,15.0,47.9,0
8.6,17.0,62.2,0
11.1,18.0,50.6,1
9.4,19.0,59.0,1
4.1,17.0,55.7,0
2.3,12.0,78.4,0
2.3,8.0,64.4,0
5.4,12.0,90.5,1
5.3,18.0,75.3,0
3.2,13.0,100.0,1
5.0,15.0,55.8,0
7.6,15.0,93.0,1
3.5,15.0,64.3,0
0.5,9.0,53.1,0
4.9,15.0,73.3,1
4.1,10.0,81.2,0
3.4,14.0,47.8,1
2.6,12.0,43.2,0
6.1,14.0,49.8,1
1.2,9.0,77.1,1
2.1,12.0,67.6,0
3.7,12.0,61.6,0
1.2,13.0,66.2,0
11.3,23.0,55.8,1
0.5,6.0,73.6,0
5.8,19.0,58.3,1
3.3,18.0,63.8,1
2.2,11.0,49.2,0
7.9,16.0,63.8,1
2.8,5.0,81.2,1
2.2,17.0,46.5,0
4.9,20.0,67.3,0
8.4,13.0,82.3,0
4.2,13.0,73.1,1
3.4,11.0,58.4,0
4.6,13.0,44.0,0
2.2,13.0,62.1,1
2.2,13.0,49.2,0
3.1,12.0,70.4,0
1.4,8.0,77.5,0
7.3,16.0,66.5,1
5.0,17.0,48.8,0
0.5,11.0,37.3,0
0.8,10.0,46.8,0
3.2,11.0,74.4,0
5.5,17.0,75.0,0
2.2,8.0,81.4,0
0.8,6.0,75.2,0
4.9,11.0,56.7,0
2.0,9.0,63.9,0
3.9,17.0,64.5,0
1.4,12.0,41.2,0
6.7,13.0,58.9,1
8.9,11.0,45.7,0
4.1,8.0,52.3,0
1.6,13.0,71.4,0
3.0,12.0,90.2,1
3.1,8.0,48.7,1
5.6,12.0,65.6,0
2.9,14.0,85.8,1
3.1,11.0,60.3,0
3.6,20.0,82.0,1
4.5,12.0,39.4,0
3.7,17.0,65.1,0
1.2,12.0,52.9,0
1.9,10.0,61.5,0
1.6,9.0,50.9,0
15.0,25.0,62.2,1
1.0,16.0,63.0,0
3.8,16.0,53.2,0
7.8,17.0,72.9,0
5.1,18.0,74.6,1
3.3,15.0,70.0,0
5.3,15.0,70.0,0
1.1,13.0,74.5,0
2.7,12.0,52.6,0
8.9,21.0,77.4,1
4.3,14.0,64.4,0
0.5,12.0,46.3,0
3.3,11.0,50.6,0
6.1,18.0,70.1,1
2.7,5.0,80.1,0
6.7,12.0,89.8,1
4.1,16.0,80.3,0
3.9,14.0,49.4,0
1.5,17.0,80.4,1
2.8,7.0,66.6,0
6.8,14.0,71.4,1
2.6,9.0,88.5,0
7.0,14.0,73.5,0
1.8,14.0,59.8,0
4.1,13.0,55.3,0
2.8,7.0,68.0,0
3.6,10.0,75.9,1
5.2,16.0,70.8,1
2.3,7.0,73.5,1
3.7,12.0,61.4,0
2.7,11.0,69.0,0
5.6,15.0,89.8,0
3.6,9.0,56.3,0
1.2,11.0,58.0,0
3.6,12.0,70.4,0
3.6,20.0,61.9,1
1.3,8.0,63.5,0
1.5,15.0,53.2,0
3.3,16.0,58.9,0
1.6,10.0,76.9,1
3.3,7.0,73.6,0
3.2,16.0,76.9,0
6.9,19.0,68.9,1
2.1,12.0,52.9,0
6.2,12.0,84.6,1
2.3,10.0,43.6,0
1.3,12.0,74.4,1
0.6,7.0,71.7,0
3.3,15.0,57.0,0
2.1,16.0,83.3,1
7.6,23.0,77.4,1
2.5,13.0,79.5,0
2.4,11.0,64.3,0
2.4,9.0,63.9,0
6.3,20.0,55.2,1
2.4,8.0,56.7,0
1.0,8.0,66.7,0
2.4,12.0,72.3,0
6.2,14.0,75.5,1
2.6,9.0,68.0,0
4.0,19.0,34.6,0
2.8,12.0,59.5,0
2.2,14.0,69.6,1
5.9,11.0,75.0,1
3.9,12.0,77.3,0
2.6,12.0,46.4,0
10.3,16.0,61.3,1
1.3,6.0,75.8,0
4.8,16.0,82.7,1
2.1,16.0,73.3,1
5.9,14.0,45.0,0
5.8,19.0,49.6,0
4.4,11.0,56.2,0
4.1,16.0,53.4,0
2.4,13.0,77.5,1
1.8,12.0,74.7,0
8.9,22.0,63.4,1
1.5,9.0,67.5,0
7.0,16.0,66.3,1
4.6,14.0,57.8,0
1.5,9.0,42.8,0
4.8,14.0,77.0,1
0.8,12.0,59.6,0
9.2,16.0,83.1,1
1.1,13.0,65.4,0
4.1,8.0,69.4,1
3.7,18.0,66.8,1
8.0,18.0,78.7,1
6.3,20.0,52.4,0
0.8,10.0,62.2,0
9.4,18.0,95.3,1
8.3,11.0,90.5,0
2.3,17.0,47.2,0
7.1,16.0,60.7,0
1.4,11.0,58.1,0
2.8,6.0,46.4,0
8.1,14.0,70.6,1
1.4,7.0,60.9,0
5.3,11.0,57.9,0
2.9,18.0,39.2,0
0.5,8.0,71.6,0
0.5,8.0,68.7,0
1.6,14.0,74.1,1
4.9,15.0,71.8,1
3.1,9.0,87.9,1
1.4,10.0,78.8,0
1.0,11.0,51.6,0
2.7,14.0,93.7,1
2.5,11.0,39.5,0
5.1,14.0,60.1,1
4.9,12.0,96.0,1
2.5,13.0,62.7,1
0.7,10.0,78.0,0
1.0,16.0,52.9,0
4.0,17.0,57.9,0
3.5,13.0,71.0,0
8.3,21.0,33.2,0
2.9,18.0,57.7,0
3.0,10.0,79.3,1
2.9,12.0,40.4,0
4.4,17.0,82.8,1
3.6,16.0,41.2,0
0.7,13.0,43.7,0
5.3,12.0,75.2,1
6.9,9.0,66.0,1
3.1,8.0,70.9,0
5.7,18.0,60.8,0
2.9,20.0,82.0,1
1.1,9.0,62.3,0
15.0,29.0,75.7,1
6.9,16.0,79.8,1
3.4,18.0,62.0,0
10.1,17.0,60.8,1
3.5,13.0,61.3,0
1.6,19.0,65.6,1
1.3,16.0,85.2,1
7.0,18.0,75.4,1
6.6,15.0,65.3,0
3.8,9.0,58.2,1
6.1,14.0,62.8,1
8.1,16.0,40.7,0
3.7,10.0,61.7,1
7.0,12.0,41.1,0
2.1,12.0,77.8,0
3.0,12.0,52.9,1
1.9,9.0,69.6,0
2.8,10.0,77.0,1
1.9,10.0,76.4,1
4.5,7.0,64.3,1
2.6,13.0,69.6,0
5.7,16.0,51.0,0
2.6,8.0,82.6,1
5.4,13.0,55.0,1
1.8,9.0,65.4,0
5.7,16.0,70.7,0
9.8,12.0,74.2,0
2.7,6.0,73.6,1
1.2,17.0,44.1,0
6.5,17.0,62.2,0
4.1,9.0,94.1,0
2.2,16.0,39.9,0
2.7,15.0,78.4,1
1.6,10.0,64.0,0
2.2,18.0,68.0,0
7.2,14.0,47.7,0
3.6,9.0,83.2,0
1.4,11.0,54.6,0
1.8,15.0,92.5,0
1.6,7.0,60.0,0
5.5,12.0,80.3,1
4.0,8.0,71.7,0
9.9,17.0,67.2,1
5.4,9.0,65.4,0
1.3,11.0,57.7,0
2.7,10.0,55.6,0
5.6,15.0,61.8,0
10.6,18.0,54.9,1
5.5,19.0,89.9,1
1.2,15.0,75.2,0
4.1,14.0,66.7,1
3.5,9.0,78.9,1
4.7,13.0,62.4,0
3.3,10.0,35.2,0
1.7,9.0,80.6,0
6.1,16.0,69.4,0
3.5,14.0,61.4,0
3.7,14.0,59.0,0
6.5,15.0,60.3,1
2.3,8.0,41.3,0
1.4,14.0,82.9,0
3.7,10.0,34.6,0
3.0,9.0,75.7,1
3.5,7.0,55.5,0
0.5,11.0,54.9,0
6.1,12.0,47.8,0
1.2,6.0,57.3,0
8.9,15.0,66.4,1
5.2,19.0,71.0,1
2.5,9.0,70.1,1
2.5,13.0,100.0,1
5.9,14.0,69.5,0
2.2,16.0,59.8,0
2.6,14.0,52.0,0
0.7,11.0,81.0,0
1.9,12.0,71.7,0
3.4,12.0,70.0,1
3.0,16.0,69.7,0
0.5,11.0,57.5,0
2.9,13.0,67.1,0
3.8,10.0,86.1,0
4.5,13.0,99.1,1
4.5,11.0,69.5,1
5.7,16.0,82.9,1
2.3,6.0,39.5,0
0.9,14.0,49.4,0
4.6,12.0,50.9,0
1.8,10.0,72.8,1
3.7,11.0,57.1,0
1.1,7.0,59.7,1
7.0,13.0,86.0,1
8.0,19.0,87.7,1
3.1,11.0,93.1,0
5.5,17.0,69.0,0
7.7,15.0,50.4,1
13.6,22.0,92.2,1
3.0,12.0,57.1,0
7.9,15.0,69.8,1
6.1,14.0,71.5,0
3.4,9.0,81.7,0
4.5,18.0,30.8,0
1.8,11.0,50.0,0
4.7,15.0,64.9,0
0.9,13.0,95.8,0
3.3,13.0,59.6,0
0.7,9.0,84.4,0
1.5,13.0,73.4,0
2.1,12.0,61.8,0
1.1,12.0,53.7,0
4.1,11.0,91.4,0
3.5,12.0,75.1,0
1.2,13.0,73.0,0
7.4,13.0,46.5,1
2.1,9.0,59.7,0
2.7,14.0,75.6,1
3.4,13.0,57.6,1
1.5,19.0,88.2,0
8.8,20.0,67.2,1
0.9,13.0,55.6,0
8.2,14.0,77.6,0
9.1,16.0,51.4,0
6.8,18.0,63.1,0
1.4,9.0,69.5,0
4.9,15.0,66.6,0
3.5,14.0,84.9,1
3.2,13.0,74.6,1
2.4,14.0,64.8,0
5.3,15.0,50.5,0
3.9,17.0,50.6,0
4.2,17.0,64.4,1
7.4,18.0,71.5,1
2.1,18.0,64.7,0
1.1,16.0,58.8,0
1.1,11.0,80.4,0
6.6,10.0,81.0,1
1.9,10.0,66.0,0
3.8,12.0,66.8,0
1.2,9.0,87.9,0
6.3,14.0,77.3,1
2.0,10.0,51.6,1
8.0,17.0,50.5,1
3.1,11.0,43.2,1
7.1,16.0,76.0,0
4.2,12.0,56.4,0
5.6,14.0,73.8,0
3.4,12.0,83.9,1
3.2,13.0,70.5,0
0.5,7.0,83.9,1
0.7,8.0,81.4,0
1.1,7.0,85.9,0
10.5,16.0,66.8,0
5.6,12.0,54.5,1
1.6,16.0,100.0,1
1.4,16.0,56.7,0
5.6,12.0,42.9,0
6.8,10.0,76.4,0
1.4,8.0,64.6,0
6.8,10.0,49.8,1
0.7,11.0,71.3,0
5.4,13.0,72.8,0
3.4,12.0,57.6,0
2.5,14.0,62.5,0
4.9,14.0,69.0,1
1.9,12.0,51.7,1
3.4,15.0,68.2,0
0.5,6.0,69.6,0
0.5,12.0,71.0,0
2.1,13.0,93.4,1
12.2,20.0,89.3,1
3.8,10.0,43.3,0
7.1,25.0,82.7,1
2.3,12.0,82.5,1
0.9,17.0,46.2,0
3.3,11.0,58.7,1
2.2,13.0,78.7,0
1.8,4.0,72.2,0
3.4,9.0,57.9,0
3.2,17.0,44.9,0
2.6,17.0,64.8,1
2.6,13.0,60.5,1
3.6,21.0,52.3,1
3.1,10.0,70.3,0
1.7,8.0,79.5,0
2.9,12.0,69.6,0
8.7,16.0,55.5,1
2.5,9.0,64.8,0
4.3,16.0,75.0,1
5.5,18.0,46.6,1
1.9,7.0,78.4,0
3.4,8.0,65.0,0
2.6,9.0,74.8,0
1.3,9.0,87.6,0
8.6,14.0,57.5,1
14.9,22.0,83.1,1
5.2,11.0,68.0,0
1.9,11.0,71.9,0
6.7,14.0,48.9,0
3.1,5.0,74.2,0
6.5,12.0,46.9,0
6.9,7.0,79.8,1
3.0,11.0,57.3,1
3.3,13.0,59.2,1
9.0,15.0,63.3,1
2.1,14.0,62.3,1
1.8,11.0,74.6,0
1.5,7.0,34.1,0
2.4,9.0,95.8,0
5.4,12.0,55.7,0
4.8,14.0,70.0,0
2.4,13.0,70.8,0
3.7,15.0,65.9,1
2.7,13.0,60.9,1
7.5,21.0,81.0,1
4.1,18.0,78.5,0
5.3,15.0,68.4,1
4.0,15.0,59.6,0
4.9,8.0,41.2,0
6.0,14.0,74.3,1
0.5,10.0,69.6,1
3.8,16.0,56.4,0
4.6,17.0,61.5,0
1.1,11.0,71.3,0
0.8,12.0,61.3,0
3.1,14.0,67.6,1
6.5,13.0,65.9,0
1.4,6.0,59.9,1
1.9,14.0,76.4,0
6.7,9.0,69.7,1
1.4,12.0,88.7,0
0.9,10.0,68.6,0
2.4,9.0,79.1,0
2.3,14.0,70.8,0
0.9,7.0,56.4,0
1.6,11.0,55.2,1
5.2,13.0,73.7,1
5.3,15.0,50.1,1
4.5,16.0,95.2,0
0.5,5.0,100.0,1
3.7,12.0,67.5,1
5.3,23.0,61.2,0
2.5,13.0,76.2,0
5.1,16.0,48.7,1
1.3,8.0,55.6,0
3.1,13.0,47.3,1
13.3,24.0,75.3,1
1.0,13.0,85.0,0
3.7,17.0,71.2,0
2.5,19.0,83.0,0
4.3,12.0,62.4,0
5.7,19.0,74.3,1
10.0,16.0,67.7,1
11.5,22.0,53.9,1
6.2,14.0,32.9,1
4.4,17.0,73.2,0
6.7,17.0,46.9,0
1.3,13.0,59.0,0
5.3,19.0,40.4,0
4.8,11.0,71.4,1
4.9,15.0,46.5,0
2.1,9.0,86.4,0
4.0,9.0,63.3,0
10.3,19.0,73.6,1
3.6,12.0,60.1,1
4.8,11.0,70.3,1
4.6,13.0,52.9,0
5.7,13.0,51.5,0
1.6,9.0,67.5,0
3.4,12.0,57.0,0
4.4,11.0,64.4,0
9.0,17.0,81.5,1
2.8,10.0,49.6,0
2.9,15.0,68.3,0
2.1,17.0,32.9,0
4.7,10.0,83.3,1
4.2,21.0,90.3,1
3.0,15.0,66.2,0
5.1,8.0,53.5,0
3.9,11.0,58.3,0
5.8,14.0,40.9,0
3.8,6.0,69.1,0
2.8,11.0,71.2,0
3.1,10.0,55.3,1
0.6,12.0,63.6,0
2.8,15.0,53.7,0
5.0,13.0,80.8,1
5.4,13.0,75.6,1
3.8,7.0,56.0,0
2.4,15.0,59.8,0
4.6,11.0,100.0,1
4.0,12.0,69.8,0
7.8,19.0,65.1,1
7.5,15.0,82.0,0
8.3,18.0,61.7,0
8.7,15.0,73.3,0
0.5,10.0,68.1,0
1.2,8.0,39.2,0
3.0,14.0,38.5,0
4.3,19.0,49.9,0
6.6,15.0,53.1,1
3.1,11.0,63.3,0
5.4,16.0,63.4,0
2.3,9.0,57.8,1
4.6,15.0,70.3,0
4.2,11.0,64.8,0
4.6,8.0,59.4,0
1.2,8.0,78.4,0
4.8,15.0,76.9,1
2.4,16.0,55.7,0
2.5,10.0,81.4,0
3.6,21.0,58.8,1
0.8,14.0,67.2,0
3.6,10.0,68.6,0
4.0,15.0,51.2,0
7.8,14.0,67.9,0
0.9,10.0,68.3,1
3.5,9.0,75.1,1
1.6,13.0,77.2,1
1.6,10.0,58.0,1
5.5,15.0,48.4,0
8.7,20.0,36.7,0
8.2,16.0,83.7,0
8.3,12.0,82.6,1
5.3,16.0,63.9,1
3.4,18.0,55.3,1
0.7,12.0,98.2,0
4.7,12.0,75.3,0
1.3,11.0,68.9,0
7.6,11.0,73.6,1
3.9,13.0,70.4,0
10.1,26.0,77.0,1
2.8,14.0,42.3,0
0.7,11.0,97.8,0
2.3,13.0,66.2,1
9.6,18.0,67.4,1
1.5,11.0,61.0,0
9.1,18.0,33.8,0
4.3,13.0,83.1,1
3.8,14.0,67.9,1
1.6,12.0,87.6,1
7.2,16.0,77.4,1
0.7,12.0,66.4,0
4.6,8.0,85.1,0
5.9,23.0,70.1,0
4.4,11.0,36.5,0
3.5,16.0,68.5,0
3.0,11.0,56.3,0
2.3,14.0,70.9,0
4.8,10.0,68.7,0
1.0,8.0,74.5,0
6.4,13.0,72.8,1
1.9,8.0,87.7,0
7.3,14.0,50.8,1
3.1,14.0,75.5,0
2.2,9.0,45.1,0
5.3,16.0,48.6,1
1.6,10.0,79.7,0
3.8,14.0,82.1,1
2.2,10.0,28.0,0
0.9,12.0,72.6,0
1.8,5.0,57.5,0
3.1,8.0,89.3,1
0.5,2.0,67.5,0
2.2,20.0,65.7,0
4.0,9.0,74.1,0
1.5,8.0,60.7,0
4.3,15.0,77.2,1
2.5,15.0,74.3,0
1.7,10.0,41.0,0
3.8,11.0,55.4,0
1.6,9.0,66.7,0
3.9,13.0,73.8,1
5.0,12.0,90.0,0
2.3,18.0,47.4,0
5.5,14.0,61.9,0
15.0,21.0,73.0,1
6.2,9.0,63.4,0
2.0,13.0,62.3,0
2.5,8.0,56.3,0
1.6,10.0,64.7,0
4.1,16.0,77.3,0
5.7,20.0,52.3,0
1.1,10.0,42.1,0
5.0,16.0,89.3,0
4.7,13.0,70.9,0
9.4,16.0,71.3,0
5.8,20.0,81.3,0
4.1,11.0,65.9,0
0.9,9.0,27.5,1
3.6,21.0,74.6,1
0.5,12.0,60.9,0
8.5,15.0,66.6,0
2.0,6.0,72.4,0
4.3,11.0,67.1,1
1.6,11.0,57.1,0
7.0,18.0,43.9,1
1.8,10.0,75.1,0
1.3,10.0,72.0,0
1.5,13.0,76.2,1
4.0,12.0,74.5,1
1.5,9.0,71.2,0
4.8,17.0,58.7,1
1.6,7.0,65.7,1
4.0,15.0,61.0,0
4.6,17.0,64.0,0
7.4,13.0,65.8,1
8.3,16.0,41.7,1
4.9,21.0,89.0,1
2.5,12.0,42.5,0
2.7,14.0,40.6,0
2.9,10.0,41.4,0
6.6,17.0,46.6,1
6.4,13.0,77.7,1
3.2,9.0,65.6,1
5.9,18.0,31.7,0
2.5,12.0,54.1,0
0.5,10.0,45.6,0
3.3,11.0,74.1,1
1.1,10.0,74.8,0
1.8,10.0,74.1,0
2.9,17.0,39.6,0
0.5,9.0,57.5,0
3.9,15.0,71.4,0
4.5,11.0,65.0,0
3.1,8.0,61.9,0
2.2,9.0,70.4,1
5.6,20.0,55.7,0
2.1,11.0,62.9,0
2.8,11.0,31.6,0
4.5,15.0,67.2,1
3.3,7.0,67.6,0
4.1,6.0,67.3,1
4.0,9.0,64.1,0
6.3,11.0,47.9,1
4.2,15.0,90.4,0
5.8,17.0,57.9,0
12.3,18.0,54.7,1
2.1,9.0,55.5,0
2.6,12.0,89.0,0
2.1,10.0,60.2,1
1.6,8.0,57.8,0
2.4,15.0,56.3,0
2.8,9.0,29.0,0
5.6,15.0,60.9,1
1.3,9.0,15.9,0
4.6,19.0,100.0,1
7.6,16.0,54.8,0
4.1,17.0,69.3,1
0.9,9.0,92.6,0
5.1,12.0,67.2,0
6.1,19.0,87.8,1
4.8,11.0,67.4,1
6.4,16.0,60.7,0
7.3,14.0,54.4,0
2.3,9.0,86.8,1
8.0,11.0,50.8,1
4.0,13.0,81.9,0
1.6,15.0,52.2,0
0.6,9.0,61.8,0
6.1,11.0,50.4,0
2.6,11.0,40.7,0
3.4,16.0,60.2,1
4.8,15.0,61.5,0
9.7,16.0,53.9,0
7.2,11.0,90.7,1
2.4,11.0,73.2,0
1.5,5.0,42.5,0
2.8,15.0,45.6,0
5.7,19.0,77.0,0
1.1,10.0,75.5,0
5.4,12.0,65.0,0
3.0,10.0,53.8,0
6.2,13.0,54.8,0
4.1,12.0,66.0,0
2.1,15.0,81.9,0
3.4,15.0,95.0,0
6.7,16.0,64.0,0
6.6,19.0,47.6,1
5.4,14.0,100.0,1
2.3,18.0,56.0,0
8.5,13.0,71.8,1
2.8,10.0,48.9,0
5.6,15.0,64.1,0
0.5,16.0,100.0,1
1.0,19.0,57.0,0
5.1,12.0,82.9,1
6.0,20.0,68.6,1
3.2,11.0,60.6,1
3.0,12.0,71.8,0
0.5,19.0,40.1,0
1.2,15.0,90.7,1
5.7,13.0,77.6,1
1.1,9.0,68.8,0
3.7,15.0,72.0,1
1.4,6.0,75.5,0
2.3,16.0,60.7,1
1.7,13.0,65.1,0
6.1,12.0,63.2,1
1.9,9.0,53.3,0
1.0,16.0,58.1,0
13.4,16.0,59.4,1
1.9,14.0,76.9,0
3.2,14.0,47.7,0
2.3,12.0,73.8,0
1.9,12.0,48.8,0
4.9,10.0,69.3,1
2.3,14.0,74.8,0
1.2,7.0,79.9,0
5.0,12.0,53.0,1
1.6,12.0,53.4,1
2.0,12.0,63.2,0
1.8,18.0,62.8,1
5.6,10.0,63.9,0
2.3,11.0,47.4,1
2.1,14.0,75.5,0
3.9,15.0,94.7,1
5.3,14.0,49.3,0
1.5,13.0,74.1,0
8.6,14.0,46.7,1
2.1,16.0,67.1,1
1.4,12.0,68.5,1
3.3,13.0,89.4,0
4.6,13.0,46.2,0
7.9,16.0,73.9,1
3.1,14.0,70.6,0
1.0,12.0,78.8,1
3.2,18.0,100.0,0
4.2,15.0,55.0,1
2.2,10.0,79.0,0
1.0,18.0,66.8,0
5.6,15.0,54.4,0
9.9,17.0,87.3,1
1.9,15.0,62.4,1
8.2,13.0,89.0,1
0.5,6.0,64.1,0
8.9,17.0,74.0,0
8.0,17.0,65.1,1
3.1,12.0,48.4,1
0.5,8.0,50.4,0
3.4,13.0,69.4,0
2.9,15.0,48.5,1
4.3,8.0,85.1,0
6.2,15.0,79.5,1
3.2,13.0,68.3,0
5.3,13.0,48.1,0
6.9,19.0,82.5,1
8.1,13.0,58.9,1
0.9,8.0,67.6,1
3.8,12.0,46.0,0
0.9,13.0,37.0,0
4.0,16.0,60.2,1
3.9,18.0,49.6,1
4.8,13.0,22.3,0
5.7,16.0,62.4,0
0.7,11.0,57.5,0
5.9,10.0,51.2,0
3.5,10.0,72.2,0
1.5,14.0,69.2,0
2.9,15.0,100.0,1
1.7,8.0,51.9,0
5.8,13.0,62.8,1
5.3,12.0,27.7,0
6.8,21.0,78.6,1
8.8,21.0,64.5,1
0.5,11.0,99.0,0
1.5,9.0,68.1,0
1.1,16.0,64.6,0
3.2,14.0,87.5,0
0.5,14.0,55.2,0
3.8,18.0,68.5,1
2.5,13.0,78.2,0
3.5,20.0,78.2,0
0.8,10.0,72.2,0
0.6,6.0,93.2,0
4.9,13.0,73.9,1
1.8,6.0,69.2,0
3.8,11.0,67.0,1
6.7,16.0,51.7,0
4.4,14.0,62.5,0
5.5,14.0,59.4,1
3.3,16.0,57.1,0
4.8,9.0,99.8,1
4.3,21.0,86.2,1
5.0,13.0,67.3,1
2.7,9.0,61.3,0
5.5,13.0,91.5,1
8.5,15.0,87.5,1
1.6,15.0,81.0,0
5.7,15.0,66.8,0
2.8,10.0,56.9,0
2.5,11.0,78.0,0
2.7,18.0,53.7,0
3.7,13.0,64.0,0
6.5,14.0,38.9,0
2.9,13.0,57.4,0
3.3,11.0,48.1,1
3.8,12.0,78.4,0
7.1,15.0,60.3,0
2.7,10.0,39.6,0
4.4,12.0,85.4,1
5.5,17.0,56.0,1
1.4,15.0,50.8,1
0.5,10.0,41.2,0
0.5,9.0,70.2,1
0.7,9.0,65.0,1
1.9,18.0,61.7,0
7.1,16.0,69.7,1
3.1,11.0,64.2,0
7.0,15.0,58.5,1
8.9,29.0,58.9,1
4.9,14.0,89.4,1
3.6,13.0,60.7,0
8.3,21.0,50.8,0
5.1,19.0,53.8,1
3.0,13.0,87.0,0
5.1,16.0,76.1,0
0.9,14.0,76.5,0
3.5,13.0,53.3,0
2.2,12.0,78.3,1
2.8,11.0,53.8,0
1.5,9.0,75.9,0
2.3,15.0,62.1,1
6.1,12.0,65.1,0
5.9,13.0,51.2,0
1.4,8.0,49.8,0
1.1,10.0,63.5,1
1.9,11.0,65.1,0
4.7,11.0,73.2,1
1.8,14.0,56.2,1
8.0,14.0,71.5,0
15.0,20.0,37.6,1
2.1,12.0,47.4,1
7.4,20.0,34.3,0
6.0,11.0,100.0,1
2.4,9.0,50.1,0
2.1,6.0,51.5,0
0.5,7.0,75.1,1
8.4,21.0,87.1,1
2.4,12.0,53.3,0
4.9,11.0,67.5,1
7.4,15.0,31.8,0
3.6,17.0,60.2,0
3.8,16.0,95.2,1
1.7,9.0,95.7,0
3.6,11.0,80.0,0
0.8,13.0,38.5,0
1.7,11.0,71.0,0
2.0,13.0,89.9,1
2.0,11.0,73.4,0
6.3,18.0,48.1,1
2.2,14.0,71.3,0
4.7,9.0,50.9,0
5.0,21.0,47.9,0
3.2,18.0,100.0,0
2.3,9.0,66.4,1
10.6,12.0,85.3,1
2.7,13.0,64.5,1
7.2,14.0,72.6,0
4.4,15.0,62.4,0
0.7,5.0,52.1,0
0.7,13.0,65.2,0
1.8,9.0,56.4,0
3.2,10.0,80.6,0
4.5,13.0,57.8,0
7.7,16.0,66.7,1
6.7,17.0,71.4,1
4.1,15.0,56.8,0
3.7,13.0,74.6,0
1.3,16.0,91.0,0
6.1,11.0,67.1,1
3.2,13.0,67.5,1
5.3,10.0,64.0,1
6.3,12.0,80.2,1
3.5,16.0,91.1,1
2.9,15.0,91.0,1
2.1,11.0,76.7,0
2.4,17.0,69.4,0
5.3,15.0,66.1,1
1.1,12.0,56.1,0
3.5,16.0,93.0,1
1.3,9.0,62.7,0
5.3,16.0,72.6,0
9.3,16.0,64.7,1
0.5,7.0,85.1,0
9.5,19.0,66.6,1
3.5,10.0,66.5,1
3.8,16.0,57.1,0
2.5,12.0,87.4,0
3.7,17.0,69.2,1
5.9,20.0,79.8,0
0.8,16.0,67.2,0
1.8,11.0,43.4,1
4.6,16.0,61.4,0
6.7,13.0,69.1,0
2.0,8.0,61.7,0
5.2,17.0,91.8,1
3.9,10.0,82.9,1
2.4,14.0,77.4,0
3.4,15.0,63.9,1
1.6,10.0,65.1,0
1.6,12.0,65.3,0
7.2,15.0,69.7,0
5.7,19.0,41.6,1
4.9,13.0,57.1,1
3.2,11.0,88.8,1
2.3,19.0,37.7,0
5.3,21.0,64.2,1
6.1,17.0,89.5,1
3.8,17.0,80.8,1
13.0,17.0,75.3,1
7.2,11.0,63.4,0
3.6,12.0,61.0,0
10.4,21.0,54.3,1
3.3,14.0,62.7,0
1.8,10.0,62.8,0
1.5,8.0,39.2,0
4.2,15.0,71.2,1
6.1,13.0,73.1,1
3.0,12.0,78.9,0
1.5,10.0,58.9,0
1.3,10.0,81.0,0
3.4,17.0,84.9,0
2.4,11.0,58.2,0
1.6,8.0,49.1,1
3.6,14.0,68.3,1
11.6,19.0,67.5,0
5.1,10.0,72.6,1
2.3,16.0,52.9,0
8.2,14.0,73.5,1
3.4,17.0,51.2,0
3.2,12.0,86.9,0
1.4,7.0,34.0,0
2.5,6.0,63.8,0
2.6,14.0,64.8,1
1.5,10.0,61.0,0
1.3,10.0,54.6,1
3.5,11.0,59.5,0
3.9,11.0,60.2,1
4.9,14.0,52.1,0
6.1,14.0,63.8,1
10.2,22.0,41.6,1
9.8,22.0,76.2,1
6.1,14.0,89.2,1
9.3,19.0,52.8,1
3.3,15.0,72.1,0
0.9,6.0,71.6,0
1.3,10.0,51.6,0
2.4,7.0,57.1,0
9.4,22.0,94.0,1
3.6,11.0,39.5,0
3.8,14.0,38.6,1
2.3,9.0,96.4,1
3.3,11.0,71.9,0
2.0,5.0,80.1,1
1.8,12.0,53.1,0
1.6,11.0,73.2,0
5.2,19.0,44.5,1
6.4,16.0,67.5,0
3.0,5.0,76.3,0
2.4,5.0,79.8,0
4.3,13.0,82.0,0
2.1,14.0,69.7,0
3.7,9.0,46.4,0
4.7,11.0,73.8,1
2.3,15.0,62.9,1
0.8,10.0,70.4,0
3.6,20.0,71.4,0
5.2,14.0,70.6,1
9.1,17.0,71.9,1
3.0,7.0,58.1,0
4.6,11.0,84.3,0
3.4,9.0,68.4,1
5.2,17.0,67.9,1
1.9,14.0,41.9,0
5.8,11.0,70.1,0
0.6,11.0,52.4,0
4.8,16.0,68.0,1
5.1,11.0,63.6,1
2.1,16.0,76.1,0
2.7,7.0,74.0,0
4.5,11.0,28.8,0
3.1,9.0,58.7,0
3.0,15.0,51.3,0
6.4,21.0,74.9,0
0.6,11.0,74.6,1
4.6,12.0,55.0,0
3.7,8.0,42.6,0
10.1,20.0,63.5,1
1.9,13.0,69.2,0
3.8,18.0,66.0,1
1.4,13.0,70.9,0
1.5,8.0,60.5,0
2.2,10.0,56.1,0
6.8,20.0,58.7,1
4.4,9.0,69.8,0
6.5,21.0,69.7,1
2.7,9.0,51.1,0
5.9,13.0,59.0,0
5.4,11.0,81.6,1
3.3,13.0,67.8,0
2.9,12.0,77.6,0
4.9,15.0,58.4,1
2.7,9.0,66.6,0
4.9,22.0,62.5,0
5.2,9.0,66.1,0
2.0,16.0,45.4,0
6.6,12.0,57.5,0
3.3,18.0,38.9,0
6.3,15.0,68.1,0
9.3,16.0,52.3,1
3.8,13.0,88.2,1
7.1,18.0,54.9,1
5.2,13.0,50.4,1
3.6,12.0,68.4,1
4.1,16.0,81.4,1
1.2,10.0,67.5,0
0.9,11.0,58.9,0
7.7,17.0,77.9,1
7.0,12.0,59.0,1
1.4,6.0,82.8,0
4.5,17.0,81.7,1
4.0,13.0,100.0,1
2.0,13.0,53.6,0
2.8,9.0,64.1,0
6.1,14.0,56.3,1
1.5,12.0,51.7,0
9.3,19.0,52.4,1
1.3,8.0,78.8,1
1.0,7.0,86.0,0
2.5,14.0,40.3,0
3.9,20.0,57.8,1
0.8,11.0,82.5,0
8.5,20.0,53.7,1
1.8,7.0,66.8,0
2.5,14.0,43.2,0
7.0,24.0,67.1,1
15.0,21.0,32.3,1
7.2,19.0,80.5,1
5.8,14.0,58.8,0
6.4,17.0,91.6,1
3.3,10.0,79.4,1
0.7,7.0,68.6,0
7.2,15.0,69.0,1
4.5,13.0,64.1,0
1.9,14.0,63.1,0
5.8,15.0,77.0,1
4.1,13.0,83.1,0
3.4,14.0,75.1,1
2.9,11.0,54.2,0
2.2,16.0,41.2,0
2.0,18.0,53.8,0
3.2,18.0,92.1,1
4.2,12.0,71.9,1
2.7,12.0,79.5,0
7.6,14.0,74.9,0
3.1,11.0,61.7,0
4.5,12.0,85.4,1
3.5,14.0,78.5,0
9.7,16.0,45.4,1
1.7,10.0,72.0,1
2.6,15.0,30.0,1
0.5,8.0,75.9,1
8.0,17.0,94.3,1
2.6,18.0,81.6,1
3.2,15.0,46.0,0
3.9,18.0,48.6,0
8.2,24.0,67.6,0
3.6,14.0,53.9,0
1.8,10.0,78.8,0
5.5,12.0,75.6,0
4.5,22.0,69.3,0
3.8,14.0,50.4,0
1.6,9.0,77.2,0
5.7,12.0,83.2,1
5.8,15.0,74.7,0
0.8,6.0,54.6,1
7.5,19.0,61.1,0
3.9,12.0,61.3,0
1.7,18.0,92.1,1
1.9,13.0,74.3,1
3.4,16.0,52.2,0
1.2,9.0,59.4,0
15.0,20.0,53.5,1
3.9,12.0,53.1,0
8.2,13.0,57.5,0
6.3,14.0,65.8,1
0.8,10.0,70.9,0
4.2,14.0,80.3,0
8.8,12.0,83.7,1
3.2,6.0,93.0,0
3.3,10.0,80.5,0
3.9,12.0,75.8,0
4.3,13.0,44.3,1
1.6,7.0,70.4,1
4.8,13.0,50.8,1
2.6,13.0,63.9,0
9.2,16.0,60.8,1
1.4,15.0,58.2,0
3.7,18.0,54.4,1
3.5,16.0,53.2,0
2.7,16.0,61.9,0
4.9,18.0,53.0,1
0.5,8.0,70.5,1
9.6,19.0,48.4,0
2.5,13.0,64.8,0
0.7,17.0,89.1,0
8.8,17.0,59.7,1
8.2,13.0,56.5,1
10.2,20.0,53.1,1
9.8,16.0,65.8,1
1.9,9.0,41.3,0
2.0,11.0,62.7,0
2.9,10.0,75.2,0
2.1,16.0,57.2,0
0.6,6.0,84.0,1
2.4,7.0,77.5,0
7.6,16.0,73.5,1
4.6,15.0,57.9,1
3.4,18.0,67.0,1
1.5,13.0,67.2,0
1.1,9.0,56.5,0
6.3,19.0,53.8,0
2.7,13.0,52.6,0
1.8,14.0,68.1,0
5.2,8.0,30.5,0
3.0,13.0,77.6,0
2.5,11.0,67.8,0
3.6,14.0,91.2,1
1.1,8.0,74.5,0
1.9,17.0,62.5,0
1.2,10.0,57.4,0
1.8,14.0,77.3,0
3.3,9.0,64.1,0
8.5,22.0,48.6,0
3.4,13.0,71.1,0
7.1,14.0,85.8,1
2.2,14.0,46.0,1
3.7,14.0,100.0,1
2.6,11.0,69.6,0
10.7,22.0,45.1,1
0.9,9.0,41.9,0
4.9,11.0,49.0,0
1.6,7.0,58.2,0
3.4,16.0,30.5,0
7.1,18.0,73.9,1
2.0,12.0,82.3,0
0.5,8.0,76.3,1
3.2,16.0,89.7,1
2.0,10.0,57.3,0
2.1,11.0,54.7,0
0.6,11.0,42.2,0
3.0,13.0,82.4,0
3.7,13.0,41.1,0
1.1,12.0,56.7,0
5.1,15.0,66.8,1
0.7,7.0,44.6,0
5.8,13.0,74.4,1
2.4,11.0,83.9,0
5.6,15.0,79.1,1
1.7,12.0,82.4,0
5.1,9.0,55.8,0
2.3,15.0,53.8,0
3.0,18.0,68.1,0
1.5,8.0,73.2,1
6.9,14.0,40.5,0
2.0,18.0,77.8,0
1.0,10.0,49.0,0
4.6,15.0,74.6,1
3.2,17.0,69.7,0
15.0,28.0,65.9,1
0.5,6.0,73.2,0
3.7,13.0,51.3,0
5.4,12.0,35.3,0
1.3,6.0,56.0,1
8.8,17.0,64.0,1
2.8,14.0,87.9,1
2.9,14.0,100.0,0
1.2,9.0,88.7,1
1.0,14.0,40.4,1
4.1,17.0,58.0,0
5.0,12.0,78.3,1
0.9,12.0,65.5,0
6.4,12.0,60.6,1
0.7,8.0,87.8,0
4.8,16.0,70.6,0
1.0,14.0,70.3,0
0.5,14.0,58.8,0
5.3,10.0,25.9,0
13.3,21.0,77.8,1
1.4,13.0,69.1,1
0.6,11.0,91.1,0
2.0,13.0,33.6,0
1.9,12.0,82.0,0
7.4,14.0,58.8,1
14.4,18.0,80.8,1
4.5,19.0,88.2,1
3.9,16.0,74.6,0
5.3,21.0,42.6,0
1.6,12.0,77.0,0
1.2,15.0,81.7,0
1.0,9.0,49.9,1
4.4,13.0,63.2,1
2.1,15.0,64.1,0
4.4,15.0,92.1,1
7.3,14.0,45.6,0
0.7,9.0,80.4,0
1.1,10.0,43.2,1
8.4,11.0,76.1,1
2.3,10.0,85.0,0
4.3,14.0,87.0,0
5.8,12.0,66.1,0
3.2,17.0,79.5,1
0.5,14.0,36.8,0
3.1,14.0,65.7,0
5.0,9.0,86.2,1
4.1,6.0,32.7,0
1.8,11.0,58.9,0
3.0,10.0,66.7,1
5.8,17.0,65.4,0
8.0,15.0,72.8,1
4.7,10.0,63.9,1
7.6,12.0,50.1,0
3.6,13.0,70.4,0
10.5,20.0,50.5,1
15.0,24.0,65.1,1
2.6,12.0,74.2,1
1.6,9.0,62.8,0
0.9,13.0,90.1,0
1.6,9.0,59.3,0
6.6,17.0,76.0,1
3.8,12.0,71.0,1
9.4,15.0,75.1,1
0.9,10.0,62.7,0
4.6,7.0,65.4,0
2.4,13.0,69.2,1
2.6,10.0,84.2,0
2.6,10.0,35.1,0
0.8,11.0,65.0,1
2.8,12.0,85.6,0
0.9,21.0,49.4,0
4.3,11.0,88.8,0
3.6,7.0,100.0,0
2.5,14.0,74.7,0
5.9,14.0,76.0,0
2.2,10.0,65.1,1
7.6,18.0,77.0,0
1.5,10.0,39.8,0
4.7,16.0,96.4,0
3.1,12.0,96.1,0
4.3,13.0,76.0,0
0.9,11.0,72.8,0
6.6,14.0,48.9,1
6.9,18.0,58.9,0
5.1,16.0,62.9,1
6.3,9.0,68.8,1
1.4,14.0,81.7,1
8.2,20.0,71.2,1
6.4,17.0,51.8,0
3.0,14.0,69.2,1
4.3,11.0,81.7,0
1.4,7.0,67.0,1
4.6,18.0,84.8,1
1.9,8.0,80.6,0
3.6,18.0,59.7,0
1.2,10.0,51.8,0
6.8,15.0,70.6,1
3.4,12.0,73.6,0
9.5,18.0,47.8,1
5.6,15.0,84.2,1
6.3,13.0,46.0,0
2.6,8.0,34.5,0
1.4,9.0,72.0,1
9.1,18.0,54.9,1
5.2,10.0,54.1,1
2.1,15.0,68.9,1
7.6,21.0,47.7,0
3.1,14.0,52.9,0
2.9,14.0,59.3,0
4.5,12.0,85.7,0
1.2,14.0,74.0,1
1.8,9.0,63.0,0
5.9,13.0,56.9,0
2.0,13.0,83.0,0
4.8,15.0,76.0,0
3.0,13.0,64.8,0
3.6,14.0,49.5,0
6.4,17.0,65.0,1
4.3,13.0,74.6,0
0.9,12.0,59.8,0
2.4,9.0,83.6,1
2.3,18.0,74.9,0
2.1,15.0,100.0,1
5.7,12.0,94.0,0
2.2,11.0,59.0,0
3.6,12.0,70.9,1
4.0,12.0,65.3,0
1.7,9.0,55.7,0
3.3,14.0,48.8,0
3.0,13.0,98.2,1
10.1,21.0,47.5,1
6.3,9.0,61.2,1
2.4,8.0,79.3,1
8.0,17.0,70.4,1
1.2,10.0,80.1,0
6.4,16.0,49.1,1
1.1,9.0,62.8,0
5.3,15.0,84.9,1
2.1,15.0,79.2,0
2.6,17.0,76.6,0
4.7,12.0,69.8,1
1.0,8.0,83.4,1
4.0,17.0,50.7,0
1.0,12.0,53.8,0
8.1,13.0,57.0,0
2.0,13.0,45.8,0
0.5,9.0,84.9,0
4.3,12.0,65.5,0
6.9,13.0,43.7,1
1.7,11.0,52.5,0
7.3,20.0,51.4,1
5.3,14.0,71.6,1
4.5,21.0,84.7,1
3.3,14.0,87.5,1
2.0,12.0,85.0,1
4.1,11.0,74.9,0
2.6,11.0,81.6,1
4.9,19.0,73.1,0
3.1,10.0,71.0,0
2.1,10.0,41.8,0
1.7,11.0,61.6,1
3.4,15.0,51.6,1
1.0,8.0,98.0,0
4.3,15.0,93.0,1
4.3,10.0,49.6,0
0.6,2.0,38.7,0
1.1,5.0,73.3,0
3.3,9.0,53.6,0
10.7,19.0,57.5,0
0.5,10.0,80.8,0
4.4,17.0,51.4,1
2.7,12.0,58.5,0
2.7,8.0,43.8,0
3.3,13.0,100.0,1
2.0,13.0,69.5,1
7.7,17.0,50.3,1
9.3,14.0,89.0,1
2.7,7.0,70.8,1
3.0,10.0,77.7,0
2.6,11.0,91.8,1
1.5,14.0,56.9,1
9.1,15.0,78.1,1
0.5,11.0,61.6,0
1.5,9.0,56.5,0
1.1,10.0,64.9,0
2.1,12.0,65.2,0
5.4,16.0,61.4,1
4.5,16.0,86.0,1
5.8,15.0,67.4,0
0.9,11.0,74.5,0
1.7,11.0,81.5,0
0.7,18.0,78.7,0
0.9,12.0,57.7,0
6.0,9.0,51.4,0
2.8,6.0,92.4,0
2.1,5.0,70.5,0
1.9,11.0,71.6,1
4.4,12.0,75.1,0
8.5,12.0,74.0,1
2.0,8.0,67.7,0
3.1,10.0,83.2,1
8.0,18.0,60.4,0
3.5,7.0,57.9,1
5.8,12.0,40.7,0
3.8,9.0,48.0,0
2.0,8.0,50.3,0
2.1,11.0,59.5,0
7.3,15.0,82.6,1
4.7,7.0,54.9,1
3.3,17.0,60.2,0
3.2,11.0,98.2,1
1.8,12.0,61.2,1
2.7,15.0,29.2,1
4.6,16.0,88.0,1
0.5,10.0,53.5,0
1.8,13.0,86.3,0
2.2,9.0,32.5,0
2.8,10.0,87.3,0
5.9,14.0,78.2,0
1.1,9.0,58.7,1
4.8,16.0,85.7,1
6.8,15.0,73.0,1
6.2,14.0,89.6,1
3.7,13.0,52.7,0
4.3,9.0,63.8,0
6.7,15.0,46.3,1
3.1,9.0,54.5,0
2.0,10.0,88.8,0
1.7,8.0,74.4,0
1.7,13.0,67.5,0
2.1,16.0,79.5,0
5.0,9.0,57.2,0
1.2,12.0,68.3,0
2.1,5.0,47.9,0
3.0,13.0,56.6,0
7.4,12.0,79.3,1
2.4,10.0,61.5,0
1.8,16.0,64.4,1
4.0,13.0,90.3,1
2.7,11.0,67.7,1
6.4,14.0,63.9,0
10.8,28.0,81.3,0
0.7,12.0,65.6,0
3.7,12.0,80.6,1
14.7,16.0,63.3,0
2.9,10.0,76.9,0
1.8,18.0,68.3,1
0.9,12.0,86.1,1
4.1,7.0,55.4,0
6.6,18.0,58.8,1
5.6,11.0,61.3,0
1.5,6.0,66.5,0
4.0,14.0,63.9,0
6.1,16.0,86.4,0
5.3,14.0,68.9,1
1.8,9.0,53.7,0
4.1,11.0,64.5,0
4.0,12.0,73.2,0
4.4,15.0,64.4,1
3.2,13.0,64.5,0
2.0,11.0,67.6,0
7.4,16.0,51.3,1
2.0,15.0,68.0,1
2.4,13.0,50.3,0
2.9,9.0,39.5,0
0.5,11.0,68.7,0
0.5,12.0,93.9,0
1.0,12.0,61.0,0
1.9,12.0,61.6,0
5.0,13.0,80.2,1
0.6,11.0,86.6,0
6.3,16.0,52.2,1
2.8,11.0,92.2,0
1.6,8.0,59.2,1
8.6,19.0,70.2,1
3.6,13.0,63.4,0
5.2,9.0,73.7,0
1.1,10.0,62.3,0
0.5,11.0,72.8,0
1.0,14.0,33.4,0
2.2,13.0,47.7,0
3.2,16.0,71.0,1
3.0,11.0,65.0,0
0.7,9.0,69.0,0
2.1,8.0,53.0,0
6.5,16.0,88.1,1
1.9,15.0,68.0,0
2.2,13.0,56.5,0
0.8,14.0,61.8,0
3.7,12.0,34.9,0
7.4,13.0,60.8,1
3.1,12.0,71.5,0
1.2,11.0,82.0,1
7.2,16.0,65.9,1
0.5,8.0,62.5,0
2.5,12.0,53.3,0
3.2,21.0,73.4,0
1.4,14.0,68.4,0
5.9,20.0,39.8,1
4.9,21.0,72.7,1
1.2,14.0,62.4,0
6.1,14.0,42.4,0
2.4,12.0,75.0,0
4.4,16.0,79.4,1
3.1,9.0,79.8,0
2.4,13.0,66.1,0
1.8,7.0,97.6,0
4.1,11.0,67.9,1
2.4,9.0,61.8,0
2.2,18.0,79.4,1
3.9,12.0,77.2,0
1.0,8.0,69.3,0
1.9,18.0,63.8,0
8.3,15.0,51.2,1
5.2,12.0,63.9,1
7.2,20.0,72.4,0
7.0,14.0,52.8,1
0.5,11.0,65.9,0
2.1,6.0,62.7,1
4.6,22.0,62.9,1
6.3,12.0,51.0,1
4.4,13.0,77.2,1
0.5,9.0,66.1,0
3.2,12.0,41.8,0
0.5,4.0,52.5,1
0.5,13.0,57.5,0
1.8,7.0,50.0,0
7.3,11.0,68.7,1
2.7,8.0,72.0,0
6.0,14.0,59.3,1
5.0,14.0,39.8,0
1.9,10.0,78.8,0
3.3,15.0,80.9,0
2.9,18.0,75.3,0
5.9,16.0,61.2,1
2.6,8.0,73.9,0
6.6,12.0,84.1,1
6.9,17.0,68.4,1
1.9,10.0,64.9,0
2.3,12.0,63.5,0
1.8,5.0,53.5,0
2.1,13.0,81.7,1
1.4,16.0,68.7,0
5.7,10.0,25.0,0
7.1,15.0,92.5,0
3.2,10.0,53.2,0
5.9,11.0,64.6,1
3.0,8.0,77.3,0
1.8,5.0,53.8,0
6.9,14.0,83.1,0
1.6,7.0,61.9,1
0.6,10.0,61.3,0
0.5,14.0,37.6,0
2.6,15.0,63.2,1
2.0,9.0,57.0,1
4.1,14.0,51.4,0
2.5,11.0,63.7,1
8.0,12.0,83.9,0
5.1,17.0,48.3,0
4.2,13.0,65.8,0
0.7,12.0,37.5,0
11.8,16.0,82.7,1
3.8,10.0,82.9,1
1.8,8.0,74.6,0
6.1,18.0,19.6,0
4.3,12.0,62.2,1
2.1,11.0,70.5,0
2.0,13.0,36.0,0
2.1,13.0,75.1,1
4.3,8.0,38.7,0
3.6,11.0,77.4,1
2.9,8.0,45.1,1
3.2,15.0,64.9,0
6.9,15.0,53.6,0
4.6,13.0,37.1,1
1.4,10.0,69.4,0
4.1,11.0,82.3,0
0.8,8.0,78.9,0
1.5,11.0,51.2,1
1.0,8.0,88.8,1
5.1,18.0,34.4,0
8.0,14.0,59.8,1
3.1,11.0,53.8,0
5.6,11.0,73.6,0
3.5,17.0,59.6,0
4.4,15.0,50.6,0
9.8,21.0,89.6,1
5.0,19.0,73.1,1
4.3,16.0,75.4,1
5.6,10.0,100.0,1
5.7,21.0,84.0,0
9.1,18.0,48.8,1
0.7,8.0,98.9,0
2.0,16.0,38.1,0
7.6,19.0,72.1,1
2.4,12.0,52.5,1
1.2,14.0,54.2,0
3.4,11.0,67.8,1
8.3,15.0,95.3,1
1.2,11.0,72.3,0
5.3,10.0,57.6,1
2.2,14.0,56.6,1
5.4,16.0,41.7,1
2.7,9.0,63.9,0
2.8,17.0,57.2,0
4.6,16.0,35.3,0
6.8,14.0,47.9,0
4.1,11.0,40.4,0
3.6,11.0,96.4,0
2.8,12.0,44.4,0
4.2,18.0,81.0,1
5.1,13.0,47.7,0
4.8,15.0,75.9,0
3.7,16.0,63.5,0
15.0,23.0,73.2,1
1.8,8.0,50.3,0
2.4,19.0,87.6,0
3.3,18.0,52.2,1
1.7,15.0,59.4,0
3.5,15.0,90.1,0
0.7,8.0,43.5,0
3.6,13.0,69.7,0
2.7,14.0,59.9,0
8.3,11.0,99.9,1
1.6,8.0,71.8,0
2.4,11.0,55.3,0
2.7,17.0,66.8,1
4.9,15.0,56.9,1
1.5,10.0,33.9,0
6.1,13.0,88.7,1
1.7,7.0,50.5,0
3.1,12.0,77.1,0
1.9,9.0,74.6,0
1.9,11.0,100.0,1
2.4,14.0,76.6,0
3.5,19.0,62.7,0
0.9,15.0,22.5,0
9.0,20.0,68.7,1
3.4,12.0,71.2,0
15.0,21.0,50.0,1
0.7,4.0,70.4,0
11.4,19.0,48.7,1
7.1,20.0,71.5,0
5.2,15.0,65.4,1
3.4,15.0,53.8,1
2.5,7.0,90.7,1
5.5,12.0,73.6,1
15.0,23.0,73.9,1
5.3,13.0,55.1,0
6.5,17.0,71.7,1
5.1,15.0,66.5,1
3.4,13.0,69.8,1
3.9,10.0,41.8,0
4.0,7.0,96.7,0
4.7,12.0,53.0,1
3.5,18.0,32.4,0
0.8,13.0,67.6,0
2.1,15.0,79.7,0
5.5,17.0,93.9,1
3.4,14.0,50.2,1
2.8,11.0,61.7,1
5.8,13.0,69.5,1
1.6,9.0,73.5,0
2.8,9.0,72.7,0
1.9,8.0,82.0,0
4.8,14.0,43.2,0
5.1,18.0,72.3,1
1.4,8.0,73.2,1
9.7,17.0,83.8,1
4.9,19.0,70.7,0
3.4,15.0,73.8,1
3.2,13.0,97.2,1
4.3,12.0,72.6,0
4.9,10.0,70.5,1
1.5,14.0,36.4,0
4.7,15.0,62.6,0
0.9,12.0,79.6,0
2.5,9.0,66.0,0
2.6,14.0,54.1,0
0.9,10.0,87.9,0
6.0,15.0,58.7,0
1.4,11.0,82.5,0
5.0,12.0,59.8,0
4.1,16.0,75.0,1
2.7,14.0,73.0,0
3.0,6.0,85.7,1
1.5,9.0,43.8,0
2.3,12.0,31.3,0
0.8,7.0,71.3,0
4.5,19.0,58.7,0
0.5,12.0,74.5,0
5.4,12.0,61.6,0
1.5,11.0,86.8,1
5.1,18.0,38.1,1
1.8,12.0,70.9,1
2.4,12.0,66.2,0
5.0,18.0,47.9,0
1.5,19.0,52.4,0
1.9,17.0,64.7,0
2.4,15.0,60.9,0
0.6,6.0,69.5,0
5.5,15.0,44.0,0
1.0,9.0,80.7,0
6.1,14.0,64.5,0
0.5,17.0,59.8,0
2.9,11.0,50.7,0
7.0,16.0,60.4,0
2.1,17.0,66.9,0
4.4,10.0,71.2,0
4.8,17.0,50.4,1
5.0,16.0,68.8,1
6.2,15.0,76.5,1
3.4,14.0,49.3,0
6.3,14.0,56.1,0
5.6,18.0,70.0,0
6.0,18.0,86.7,1
4.5,11.0,65.7,1
0.7,10.0,61.5,0
1.3,9.0,75.4,0
1.9,11.0,53.2,0
2.7,9.0,64.6,1
1.3,14.0,56.1,0
12.0,17.0,81.3,1
2.7,12.0,83.7,1
1.7,12.0,83.5,0
4.4,12.0,74.5,1
4.5,13.0,73.4,1
5.2,12.0,64.7,1
3.2,9.0,42.9,0
2.3,13.0,87.2,0
4.8,10.0,62.9,0
1.4,11.0,48.5,0
6.7,15.0,61.0,0
4.6,15.0,75.6,1
2.5,9.0,91.4,0
7.6,11.0,71.8,1
0.5,11.0,71.5,0
2.3,14.0,50.4,0
1.2,9.0,46.3,0
5.8,17.0,76.6,0
5.1,7.0,70.3,1
1.7,10.0,67.4,0
4.3,15.0,61.3,0
3.0,7.0,59.0,0
5.7,8.0,87.1,0
6.3,16.0,63.5,1
8.1,11.0,53.2,1
0.6,7.0,76.6,1
2.3,14.0,74.3,1
5.5,15.0,74.1,0
6.9,15.0,56.6,0
2.1,16.0,79.9,0
0.8,11.0,59.1,0
5.0,12.0,74.2,1
2.8,6.0,66.6,0
3.0,9.0,73.5,0
1.7,8.0,42.9,0
3.5,12.0,80.8,0
6.9,17.0,79.1,1
5.8,13.0,56.1,0
3.0,11.0,54.7,0
1.8,16.0,52.9,0
9.2,24.0,71.2,1
2.2,12.0,55.2,0
4.1,10.0,77.1,1
4.7,10.0,41.4,0
3.0,12.0,46.2,0
3.4,17.0,32.7,0
2.1,9.0,56.9,0
0.9,12.0,71.9,0
6.9,14.0,59.1,0
3.8,8.0,49.4,0
9.1,17.0,58.3,0
1.3,10.0,41.0,1
4.6,14.0,62.8,1
1.3,11.0,46.0,0
4.8,14.0,76.1,1
5.3,15.0,37.9,0
3.4,7.0,79.1,0
2.4,12.0,68.5,0
4.6,14.0,56.5,1
8.5,20.0,39.3,1
3.6,13.0,61.3,0
1.9,10.0,58.5,0
3.4,13.0,82.1,1
3.0,11.0,63.8,0
8.1,16.0,72.6,1
5.5,13.0,50.5,0
4.0,13.0,74.0,0
0.5,9.0,75.0,0
5.8,9.0,51.1,0
4.9,8.0,75.0,1
0.7,12.0,83.8,0
5.9,11.0,42.0,0
3.7,9.0,46.4,0
3.3,14.0,82.3,0
2.1,12.0,77.4,0
1.5,11.0,64.0,0
4.8,12.0,93.4,1
7.7,21.0,51.2,0
4.0,13.0,44.0,0
4.9,15.0,95.2,0
7.3,14.0,80.7,0
3.1,14.0,79.2,1
7.3,13.0,39.4,1
2.4,9.0,57.6,0
2.9,16.0,30.8,0
1.7,11.0,67.5,0
1.0,6.0,96.5,0
1.8,12.0,80.9,1
2.5,18.0,49.9,1
3.6,15.0,46.4,1
5.2,12.0,91.6,1
8.5,17.0,72.5,1
2.5,15.0,84.6,1
4.8,17.0,38.9,0
2.1,10.0,83.4,0
6.0,22.0,86.6,1
4.5,13.0,68.8,1
1.8,15.0,70.7,0
5.1,23.0,67.4,0
5.2,21.0,70.5,1
2.2,11.0,67.9,0
1.1,13.0,47.9,0
7.0,22.0,65.1,1
1.7,9.0,87.1,1
0.6,8.0,80.1,0
3.7,12.0,83.7,0
9.4,18.0,62.7,1
1.0,15.0,73.5,0
1.9,14.0,54.6,0
4.5,16.0,64.8,1
1.1,18.0,57.7,0
3.1,19.0,92.9,0
3.6,10.0,61.1,0
2.3,7.0,67.5,0
5.2,13.0,68.1,1
3.7,11.0,83.5,0
5.7,21.0,93.1,0
0.8,14.0,85.2,0
7.7,10.0,80.9,1
4.9,18.0,80.9,0
10.2,22.0,55.1,1
1.2,10.0,41.6,0
7.2,14.0,49.2,1
4.4,25.0,61.2,0
1.7,13.0,70.4,0
7.0,12.0,59.8,0
1.0,13.0,50.1,0
2.9,13.0,78.0,1
3.1,17.0,69.2,1
3.8,10.0,48.0,0
0.5,10.0,100.0,1
4.0,9.0,64.4,1
3.1,11.0,66.3,0
4.2,13.0,71.5,0
1.8,10.0,50.0,0
2.7,14.0,56.8,1
3.3,12.0,66.6,1
1.3,10.0,62.8,0
1.1,13.0,66.4,1
5.1,15.0,57.0,0
1.3,14.0,61.7,0
1.5,10.0,84.4,1
2.4,15.0,65.5,0
4.4,17.0,75.4,1
6.3,13.0,85.6,0
9.3,20.0,76.9,0
5.8,12.0,78.9,1
3.5,9.0,87.7,1
4.6,9.0,84.0,0
0.9,19.0,63.2,0
5.3,10.0,50.8,0
3.8,13.0,69.2,0
8.7,17.0,75.8,0
6.3,14.0,70.0,0
5.9,13.0,67.8,1
0.9,10.0,74.7,0
7.6,17.0,66.8,1
2.0,10.0,60.0,0
1.9,14.0,56.7,1
1.8,10.0,69.8,1
0.6,14.0,75.5,1
1.1,17.0,51.8,0
6.5,13.0,64.9,1
2.7,13.0,45.8,0
10.4,19.0,63.4,1
2.5,9.0,51.3,0
8.2,14.0,52.5,1
1.3,13.0,74.2,1
4.5,11.0,82.4,0
7.3,13.0,50.0,0
2.4,10.0,42.3,0
1.0,10.0,78.2,0
4.9,14.0,74.3,0
7.6,17.0,67.6,0
10.6,12.0,63.5,0
12.1,22.0,66.8,1
2.2,7.0,58.8,0
1.7,17.0,52.3,0
1.7,7.0,57.5,0
9.8,16.0,59.6,1
6.6,12.0,49.7,1
2.8,9.0,62.3,0
5.0,18.0,53.5,1
2.1,11.0,96.9,1
2.0,15.0,74.1,1
0.9,12.0,63.1,0
4.3,11.0,87.6,0
8.0,20.0,41.3,0
7.8,15.0,34.2,0
8.7,21.0,67.5,1
2.5,14.0,60.4,0
1.7,8.0,81.6,0
4.7,14.0,49.4,0
0.9,13.0,56.9,0
3.6,16.0,72.7,1
2.1,10.0,46.8,0
2.7,8.0,61.0,1
0.9,11.0,53.1,0
2.4,8.0,70.2,0
1.8,12.0,35.7,0
3.1,14.0,60.1,0
3.2,17.0,57.8,0
3.0,7.0,86.0,1
1.7,11.0,14.7,0
2.0,13.0,69.3,1
3.3,7.0,85.1,0
8.5,15.0,67.5,1
8.3,18.0,45.8,1
3.7,16.0,54.1,0
8.4,18.0,99.6,1
3.8,13.0,52.5,0
3.0,12.0,44.7,1
3.1,12.0,77.9,0
4.4,16.0,56.9,0
6.8,21.0,64.4,0
4.7,15.0,63.9,0
6.3,11.0,57.6,0
6.0,16.0,74.7,0
5.5,17.0,80.4,0
3.6,13.0,51.8,0
2.9,14.0,64.8,0
1.4,10.0,63.6,0
6.9,19.0,54.9,1
1.7,13.0,46.5,0
1.3,10.0,55.0,0
3.5,15.0,70.4,0
1.7,21.0,67.5,0
5.7,17.0,63.6,0
2.6,13.0,84.6,1
1.6,10.0,65.3,0
1.7,13.0,56.1,0
1.4,7.0,77.3,0
5.0,15.0,58.1,0
1.7,12.0,72.8,0
6.2,13.0,49.1,1
2.7,13.0,47.9,0
14.4,22.0,67.0,1
4.3,16.0,30.8,0
3.2,13.0,39.7,0
3.2,13.0,55.7,0
3.5,13.0,88.6,1
3.7,10.0,68.7,0
6.7,13.0,48.9,1
2.6,11.0,72.3,1
2.7,16.0,55.9,1
0.5,11.0,62.4,0
3.3,18.0,69.9,1
7.3,14.0,97.5,1
4.9,13.0,60.4,0
1.3,11.0,70.4,0
4.7,18.0,78.6,0
4.7,21.0,31.5,0
2.5,7.0,39.7,0
2.8,5.0,72.7,1
2.0,13.0,58.8,1
1.9,11.0,44.7,0
4.1,10.0,44.2,0
3.5,11.0,35.2,0
2.2,7.0,100.0,1
5.1,12.0,56.3,0
3.3,17.0,57.9,1
1.5,10.0,38.9,0
3.8,15.0,69.3,0
1.2,11.0,41.1,0
4.0,13.0,90.9,1
0.5,8.0,67.0,0
7.8,16.0,81.1,1
5.2,13.0,44.9,0
6.4,19.0,72.1,1
4.7,14.0,39.0,0
5.5,12.0,88.4,1
0.5,10.0,71.1,0
3.4,13.0,75.2,0
0.8,9.0,61.6,0
2.0,17.0,85.3,0
1.2,12.0,49.0,0
1.7,12.0,55.9,0
3.0,15.0,73.1,0
7.3,14.0,47.2,1
6.1,13.0,81.3,1
1.5,12.0,79.6,0
3.9,14.0,56.2,0
7.6,16.0,57.3,0
3.1,17.0,75.8,0
2.8,15.0,54.4,1
2.9,14.0,69.3,0
0.7,11.0,51.8,1
4.9,19.0,65.2,1
5.0,14.0,91.7,0
3.1,18.0,72.3,0
4.2,14.0,78.8,0
7.1,19.0,39.3,0
1.3,14.0,53.6,0
3.4,12.0,63.4,0
9.2,16.0,60.8,1
3.1,14.0,77.7,0
2.5,16.0,41.9,0
9.5,16.0,67.5,1
5.5,13.0,64.8,0
5.5,16.0,64.4,1
4.3,14.0,57.0,0
2.4,17.0,79.0,0
5.8,15.0,75.2,0
1.8,10.0,78.5,1
0.5,12.0,67.8,1
1.3,13.0,61.1,1
2.8,10.0,59.8,0
5.4,10.0,55.5,1
1.3,12.0,78.0,0
2.1,11.0,71.9,1
7.0,14.0,62.8,0
1.7,12.0,79.2,1
1.7,9.0,77.7,0
0.9,15.0,60.8,0
1.6,9.0,65.2,0
1.3,15.0,47.2,0
4.2,15.0,66.1,0
4.2,10.0,76.3,0
13.2,25.0,60.1,1
10.6,18.0,87.2,1
3.1,14.0,56.9,0
3.2,16.0,75.9,1
3.7,16.0,84.0,1
3.7,19.0,73.6,1
5.5,15.0,36.6,0
0.8,14.0,78.2,1
1.3,13.0,76.3,1
2.0,11.0,73.0,0
6.1,20.0,61.6,0
3.7,11.0,29.4,0
12.7,20.0,94.5,1
1.0,11.0,65.5,0
5.2,11.0,72.5,0
2.9,15.0,59.9,1
6.0,21.0,72.8,1
1.5,9.0,35.6,0
3.2,13.0,59.1,0
3.0,6.0,66.5,0
5.2,8.0,63.0,0
2.6,10.0,78.1,1
1.0,13.0,62.0,0
1.6,9.0,53.3,0
0.8,13.0,83.8,1
0.5,10.0,75.1,0
2.6,10.0,77.7,0
10.4,22.0,77.7,1
2.7,12.0,50.3,0
2.2,10.0,40.5,0
4.0,12.0,80.2,1
0.5,8.0,68.2,0
6.9,17.0,31.7,0
5.0,15.0,70.6,1
2.7,12.0,38.6,0
0.9,7.0,50.5,0
6.7,16.0,79.0,1
5.9,15.0,66.4,1
2.6,15.0,70.7,0
6.7,15.0,62.4,0
0.9,11.0,66.9,0
5.1,11.0,48.3,0
3.3,9.0,53.9,0
4.2,13.0,97.9,1
14.6,29.0,75.7,1
2.4,6.0,50.4,0
4.0,14.0,94.0,1
2.1,14.0,93.5,1
6.3,15.0,49.0,1
2.8,12.0,80.3,0
5.9,12.0,61.4,1
1.1,17.0,82.1,0
2.0,14.0,82.1,0
3.8,5.0,65.4,0
3.3,14.0,39.1,0
5.2,11.0,81.5,0
5.3,16.0,61.2,0
1.4,9.0,51.3,0
1.1,13.0,62.8,0
2.3,13.0,92.6,1
3.6,14.0,51.5,0
9.1,13.0,71.2,1
3.2,13.0,60.3,0
1.9,12.0,39.7,0
3.2,15.0,29.7,0
4.4,26.0,68.0,1
2.6,14.0,67.1,1
2.6,14.0,51.0,0
3.6,18.0,56.1,0
5.1,15.0,72.3,1
5.7,23.0,45.7,1
5.9,13.0,62.4,1
1.5,10.0,67.1,1
2.6,11.0,67.3,1
8.5,18.0,53.8,0
6.4,15.0,52.9,0
2.2,10.0,35.8,0
5.5,14.0,90.0,0
9.4,16.0,78.7,1
5.3,16.0,63.6,0
5.4,12.0,81.9,0
4.6,11.0,72.1,0
2.9,13.0,39.6,0
12.5,15.0,59.5,1
1.1,13.0,81.1,0
2.6,16.0,38.4,0
10.8,15.0,68.2,1
1.4,8.0,80.4,0
0.5,12.0,56.9,0
2.7,10.0,63.7,0
2.0,13.0,91.5,1
1.0,5.0,58.3,0
4.5,12.0,72.7,0
8.1,12.0,56.6,1
10.0,20.0,67.3,1
3.6,11.0,56.9,0
7.2,17.0,58.7,1
0.8,20.0,64.0,0
7.9,17.0,71.3,1
7.7,18.0,70.2,1
6.1,16.0,52.4,1
5.8,12.0,75.7,1
1.7,10.0,37.2,1
5.2,17.0,86.6,0
2.4,18.0,80.2,0
1.0,12.0,48.4,0
2.0,11.0,74.8,0
2.3,15.0,61.7,1
4.6,13.0,56.0,0
3.7,12.0,58.5,1
5.4,18.0,52.7,1
2.3,15.0,22.5,0
1.1,9.0,68.0,0
5.1,15.0,76.9,0
2.4,11.0,61.7,0
7.3,15.0,100.0,1
1.5,12.0,46.1,0
5.8,12.0,70.7,1
1.5,16.0,55.4,0
1.6,11.0,57.7,0
2.2,11.0,53.1,0
1.0,6.0,54.2,0
5.1,17.0,82.4,0
7.6,18.0,52.0,0
4.2,12.0,73.5,0
9.1,11.0,60.8,1
3.9,20.0,70.1,0
6.8,14.0,83.9,0
1.6,6.0,64.6,0
1.5,8.0,56.0,1
7.0,15.0,97.8,1
2.2,10.0,61.6,0
4.5,19.0,46.2,0
7.0,18.0,86.0,1
4.0,10.0,81.6,0
1.5,13.0,42.5,0
1.4,16.0,68.6,0
13.9,18.0,56.6,1
4.1,14.0,91.1,1
7.7,12.0,75.0,1
2.3,10.0,75.9,1
4.1,15.0,67.7,1
12.1,23.0,62.4,1
1.4,15.0,73.9,1
2.7,21.0,69.5,0
10.0,12.0,58.0,1
1.0,14.0,60.2,0
1.2,14.0,57.7,0
4.9,6.0,66.5,0
7.1,20.0,52.9,1
2.5,17.0,88.2,0
3.6,13.0,85.9,0
2.3,11.0,59.4,1
2.3,17.0,73.6,0
1.2,9.0,65.7,0
2.9,14.0,76.4,0
2.0,9.0,69.4,0
6.5,11.0,49.4,0
1.8,10.0,72.5,0
3.6,8.0,70.0,0
15.0,19.0,64.2,1
1.6,10.0,87.3,0
5.8,14.0,42.2,1
2.1,12.0,71.0,0
0.8,10.0,43.1,0
2.9,9.0,60.4,0
0.8,11.0,86.6,0
2.9,4.0,52.4,1
0.7,11.0,72.7,0
2.5,13.0,52.7,1
1.9,12.0,44.6,0
2.3,14.0,45.8,0
9.4,18.0,49.9,1
3.4,14.0,92.1,1
6.1,21.0,64.3,0
3.8,8.0,60.1,0
3.2,15.0,74.8,0
12.3,22.0,53.4,1
0.7,6.0,67.8,0
0.5,10.0,73.9,0
5.7,16.0,65.4,0
1.4,9.0,39.1,0
4.1,11.0,74.9,1
2.4,13.0,60.6,0
0.9,11.0,64.2,0
2.3,16.0,48.6,0
2.0,10.0,82.8,1
7.3,20.0,62.6,0
4.0,13.0,41.8,0
3.1,11.0,84.0,1
1.8,9.0,60.9,0
2.4,7.0,65.6,0
3.6,14.0,65.3,1
3.4,12.0,43.9,1
1.5,14.0,51.8,0
3.1,12.0,50.0,0
6.8,11.0,68.9,1
3.9,10.0,64.7,0
1.9,15.0,41.2,0
5.7,11.0,48.0,0
1.0,13.0,68.6,0
6.0,12.0,89.1,0
3.0,13.0,50.1,0
1.5,14.0,66.0,1
2.7,14.0,55.7,1
4.5,13.0,74.7,1
3.8,9.0,44.5,0
7.7,24.0,49.9,1
1.2,16.0,65.4,0
2.2,8.0,72.6,0
4.4,15.0,67.0,1
4.2,8.0,61.2,0
1.9,13.0,53.6,1
0.9,12.0,74.1,0
0.5,13.0,63.2,0
5.4,6.0,59.6,1
8.7,19.0,64.0,1
4.5,16.0,47.5,0
3.5,14.0,75.8,0
4.2,11.0,58.5,0
3.2,11.0,51.1,0
4.7,14.0,87.8,0
5.5,21.0,78.1,1
2.0,11.0,79.3,0
2.2,16.0,80.1,1
5.0,10.0,82.6,1
2.2,13.0,68.2,1
2.9,16.0,41.1,0
6.5,16.0,49.6,0
3.6,16.0,34.9,0
11.9,22.0,59.8,0
3.0,10.0,67.9,0
4.0,16.0,77.2,0
2.9,8.0,30.3,0
1.8,11.0,69.8,0
1.7,8.0,83.9,0
5.5,10.0,62.9,1
0.9,8.0,69.9,1
3.0,15.0,72.8,0
1.9,7.0,68.7,0
2.5,7.0,70.9,0
0.6,11.0,89.0,1
10.5,21.0,78.6,1
1.0,12.0,48.2,0
6.4,16.0,61.0,0
4.0,11.0,55.6,0
4.9,16.0,56.3,1
4.8,21.0,63.7,1
1.9,16.0,85.8,1
4.5,20.0,95.4,1
2.7,14.0,73.2,0
6.1,16.0,59.0,1
7.3,15.0,48.4,1
0.8,7.0,86.4,1
3.2,12.0,42.4,0
4.9,10.0,61.6,0
4.5,12.0,56.1,0
5.1,11.0,47.1,0
6.1,11.0,49.0,0
0.7,13.0,56.0,0
4.7,11.0,47.0,0
1.8,9.0,61.8,0
2.8,14.0,55.9,0
3.8,11.0,83.0,0
5.0,16.0,49.8,1
2.0,14.0,81.1,0
3.8,21.0,60.8,0
2.2,12.0,70.7,0
1.5,9.0,77.4,1
2.2,14.0,46.9,0
7.0,15.0,47.5,0
1.1,7.0,56.7,1
1.8,13.0,66.3,1
8.4,15.0,74.5,1
6.3,12.0,50.5,0
11.9,20.0,54.2,1
3.3,21.0,50.4,0
5.2,10.0,53.5,0
2.0,10.0,76.9,1
7.2,10.0,55.7,1
4.9,17.0,40.5,0
4.0,15.0,76.0,1
3.9,12.0,79.1,1
2.6,14.0,85.2,1
11.7,23.0,78.0,1
3.4,15.0,73.2,0
2.2,14.0,62.9,0
2.8,10.0,77.2,1
1.6,9.0,83.6,0
2.6,13.0,61.3,1
9.2,16.0,66.8,1
3.3,15.0,57.4,0
6.4,11.0,78.2,1
7.2,18.0,27.5,1
1.3,11.0,59.3,1
5.2,17.0,77.2,0
5.9,12.0,60.8,1
7.0,16.0,54.5,0
5.3,17.0,63.3,0
1.6,17.0,64.7,0
11.2,23.0,56.2,1
5.5,12.0,50.3,1
1.2,6.0,66.7,0
0.8,9.0,75.5,0
2.4,15.0,67.7,1
2.6,9.0,92.5,1
5.3,11.0,69.4,0
2.3,11.0,58.1,0
3.3,11.0,94.0,1
1.1,12.0,62.7,0
1.4,10.0,65.7,0
6.7,16.0,65.2,1
3.9,17.0,53.1,0
2.3,7.0,56.4,1
3.8,12.0,68.7,1
0.7,10.0,60.5,0
4.6,14.0,63.0,1
7.5,19.0,76.3,1
4.3,17.0,94.2,1
7.6,16.0,65.4,1
0.5,9.0,53.2,0
4.0,16.0,77.7,0
2.1,14.0,51.7,0
3.6,7.0,68.6,1
3.3,12.0,59.2,0
9.3,19.0,73.2,1
0.5,7.0,67.5,0
1.0,8.0,68.2,0
1.4,12.0,68.3,0
0.6,5.0,32.8,0
5.3,19.0,76.8,1
3.1,7.0,84.5,1
4.9,13.0,49.4,0
3.1,14.0,71.5,0
2.7,14.0,72.1,0
3.7,16.0,65.4,0
4.1,14.0,40.4,0
3.1,5.0,70.4,0
2.5,14.0,68.8,1
7.7,12.0,59.9,0
3.8,11.0,67.9,0
4.1,14.0,52.2,1
3.5,15.0,63.8,0
2.0,14.0,43.8,0
1.5,12.0,51.1,0
5.0,14.0,78.5,1
2.9,14.0,61.2,0
3.1,16.0,68.5,0
3.6,9.0,70.3,0
9.1,16.0,45.2,0
6.4,16.0,89.5,1
1.1,10.0,53.3,0
2.4,17.0,49.9,0
1.5,5.0,76.8,0
9.4,18.0,89.3,1
7.6,14.0,68.6,1
8.8,19.0,78.2,1
2.2,14.0,88.1,0
1.7,15.0,77.4,1
3.0,10.0,39.6,0
6.3,13.0,58.1,0
3.9,14.0,52.7,1
5.7,18.0,74.7,0
2.3,12.0,49.0,1
9.3,13.0,67.3,0
2.0,11.0,65.3,0
1.1,12.0,42.0,0
1.5,13.0,51.6,0
4.5,17.0,56.0,1
5.1,23.0,68.4,0
4.6,13.0,62.5,1
4.0,14.0,56.3,0
7.2,19.0,84.2,1
6.4,14.0,71.3,1
4.0,16.0,42.3,0
1.2,10.0,91.2,0
2.5,16.0,85.1,1
2.4,12.0,53.7,0
13.9,20.0,73.6,1
1.4,8.0,67.1,0
5.9,17.0,57.0,0
2.0,22.0,73.5,0
1.2,13.0,69.7,0
4.1,13.0,62.6,0
1.3,13.0,47.5,1
3.0,15.0,69.3,1
3.1,10.0,57.5,1
5.0,16.0,70.3,1
7.5,21.0,72.4,1
2.3,11.0,44.3,0
1.7,9.0,62.2,0
3.3,13.0,88.1,1
4.6,15.0,57.3,0
5.5,11.0,81.5,0
3.2,13.0,75.1,0
3.9,12.0,48.8,0
2.4,12.0,78.1,1
4.3,15.0,71.4,0
3.1,11.0,50.0,0
4.5,7.0,45.8,0
0.5,9.0,72.6,0
1.2,9.0,73.4,0
1.7,14.0,82.7,0
0.9,13.0,62.4,1
7.6,15.0,60.6,1
1.3,10.0,54.4,1
1.8,11.0,71.8,0
2.1,11.0,63.0,0
2.0,13.0,23.7,0
2.1,16.0,63.2,0
7.8,13.0,66.1,1
2.3,7.0,28.5,0
5.2,15.0,61.1,0
6.4,22.0,71.1,1
4.9,14.0,92.0,0
3.3,12.0,47.1,1
0.5,12.0,83.5,1
2.2,12.0,65.2,0
4.8,18.0,73.0,1
3.3,10.0,88.6,1
5.8,14.0,84.6,1
1.6,14.0,35.1,0
6.3,12.0,70.6,1
1.4,4.0,53.5,0
6.8,13.0,47.9,0
2.5,9.0,87.9,0
6.9,17.0,64.9,1
4.5,19.0,54.0,1
7.3,14.0,78.2,1
3.0,14.0,70.3,1
4.8,14.0,57.4,0
2.8,5.0,65.5,1
3.9,13.0,41.9,0
6.9,17.0,58.7,0
3.3,7.0,63.7,0
0.6,9.0,70.2,0
3.1,12.0,24.7,0
7.9,13.0,71.9,0
6.3,13.0,73.7,0
4.3,8.0,53.5,0
0.5,6.0,85.3,0
4.0,9.0,59.9,1
5.2,12.0,49.5,0
5.2,11.0,58.5,0
1.7,11.0,12.4,0
2.9,5.0,56.0,0
1.4,16.0,86.0,0
6.8,12.0,51.4,0
3.1,8.0,58.2,0
0.9,11.0,54.8,1
2.2,14.0,83.9,1
1.0,8.0,52.4,0
1.0,13.0,86.0,0
3.3,14.0,60.8,1
2.2,13.0,54.9,1
3.3,14.0,61.0,0
6.6,19.0,49.5,0
4.3,12.0,75.0,0
6.6,15.0,54.2,0
1.0,11.0,66.9,0
11.1,19.0,84.1,1
2.5,9.0,68.4,0
1.6,8.0,51.3,0
7.4,14.0,35.2,0
8.8,15.0,69.6,1
1.3,10.0,80.4,0
2.0,12.0,17.9,0
4.4,15.0,64.3,0
0.9,9.0,51.0,0
6.0,13.0,42.0,0
1.2,10.0,79.0,0
3.6,14.0,78.2,0
5.8,11.0,55.5,0
3.5,16.0,69.8,1
7.0,14.0,39.5,0
0.7,17.0,26.9,0
1.6,13.0,46.7,0
4.4,9.0,59.3,0
4.4,14.0,80.4,1
3.2,10.0,75.5,0
15.0,29.0,60.6,1
4.9,13.0,47.5,0
1.2,9.0,53.1,1
0.6,10.0,73.6,0
3.0,13.0,70.3,1
4.4,13.0,64.7,0
2.8,13.0,70.7,1
4.7,13.0,59.3,1
4.4,14.0,84.7,1
2.1,13.0,75.9,1
2.8,17.0,52.7,0
2.9,7.0,52.6,0
5.3,15.0,58.8,0
0.5,15.0,62.9,0
5.4,14.0,77.9,1
6.1,17.0,78.2,1
8.6,19.0,61.3,0
5.7,11.0,68.7,0
3.5,10.0,64.6,0
1.8,8.0,62.7,1
3.7,12.0,43.3,0
4.3,11.0,59.3,0
2.0,7.0,44.1,0
1.9,9.0,60.7,0
4.7,13.0,60.5,0
3.3,10.0,45.2,0
4.0,9.0,51.7,0
4.1,13.0,61.7,0
6.5,12.0,69.4,1
5.7,18.0,75.5,1
3.9,16.0,77.6,1
3.6,18.0,57.9,0
7.3,11.0,67.2,1
11.8,16.0,70.1,1
2.6,8.0,87.9,1
4.9,10.0,75.1,0
6.9,15.0,54.7,0
3.5,14.0,92.4,0
0.5,9.0,53.4,0
2.8,16.0,65.7,1
5.0,16.0,59.1,0
4.4,18.0,59.9,0
5.0,9.0,98.2,1
0.9,16.0,37.2,0
1.3,12.0,54.2,0
1.1,13.0,73.9,0
5.3,12.0,50.9,0
1.3,13.0,52.5,0
1.7,12.0,74.3,0
2.5,8.0,86.4,1
1.5,9.0,55.4,1
2.4,11.0,20.4,0
1.5,16.0,78.5,1
3.9,16.0,86.9,1
3.0,8.0,40.6,0
6.3,12.0,57.3,1
3.1,12.0,79.7,0
3.3,10.0,76.4,1
4.8,8.0,59.4,1
2.8,13.0,72.5,0
1.4,10.0,80.2,1
1.5,9.0,64.1,0
3.1,13.0,53.7,0
2.9,13.0,82.5,1
5.7,15.0,63.3,0
1.4,7.0,55.8,0
6.2,11.0,71.3,0
1.9,6.0,63.8,0
7.2,17.0,40.7,1
3.1,7.0,62.4,0
5.2,13.0,82.1,1
4.0,6.0,85.7,0
2.6,14.0,53.6,0
1.6,12.0,60.3,1
4.4,12.0,49.4,1
5.0,13.0,69.7,0
9.1,16.0,76.3,0
2.5,11.0,76.1,0
6.5,17.0,62.1,1
6.8,20.0,60.1,1
1.7,8.0,34.9,0
6.1,12.0,51.9,0
1.2,6.0,75.1,0
4.2,23.0,49.4,0
8.2,19.0,90.6,1
2.8,13.0,57.3,0
7.7,13.0,49.3,1
2.7,7.0,64.9,0
5.1,18.0,70.2,0
6.4,17.0,41.5,0
0.5,12.0,51.1,0
6.9,11.0,75.1,1
3.1,12.0,68.0,1
2.4,5.0,55.1,0
0.8,12.0,59.0,0
3.5,10.0,64.4,0
2.7,16.0,62.8,0
2.4,9.0,64.9,0
11.8,16.0,54.0,1
5.4,18.0,25.6,0
1.0,7.0,61.5,0
6.3,17.0,70.2,1
5.8,20.0,69.7,1
8.7,16.0,43.6,0
5.2,15.0,68.2,1
2.4,15.0,86.4,0
1.4,11.0,62.9,0
5.2,21.0,65.5,1
2.5,16.0,59.6,0
5.1,9.0,24.6,0
1.2,13.0,66.1,1
4.4,16.0,89.7,1
5.0,14.0,49.0,0
5.2,13.0,52.7,1
3.6,10.0,70.9,0
3.3,11.0,74.6,1
3.8,20.0,58.6,0
5.8,13.0,53.2,0
4.3,14.0,75.5,1
1.0,16.0,68.8,0
0.5,9.0,72.5,1
10.1,13.0,80.4,1
12.1,23.0,62.3,0
6.0,20.0,82.1,1
2.0,12.0,72.5,1
4.6,15.0,43.9,0
2.2,19.0,37.3,0
4.0,15.0,86.8,1
3.7,10.0,84.5,1
1.0,16.0,100.0,0
3.7,14.0,71.3,0
3.7,11.0,67.3,0
6.5,13.0,51.5,1
4.3,8.0,44.3,0
4.3,14.0,52.4,0
3.3,12.0,59.5,0
5.7,12.0,100.0,0
2.0,11.0,58.1,0
2.1,15.0,67.4,0
4.0,12.0,71.1,0
2.1,9.0,75.4,1
5.3,19.0,54.4,1
1.6,14.0,51.0,0
2.8,11.0,77.7,1
3.0,13.0,63.3,1
6.4,12.0,57.8,0
3.7,15.0,48.7,1
3.4,18.0,71.5,0
2.4,9.0,44.4,1
3.7,18.0,79.6,0
0.9,7.0,72.6,0
2.1,11.0,56.8,0
5.0,19.0,53.4,0
2.3,9.0,62.5,0
3.0,10.0,83.2,1
0.6,12.0,68.4,0
3.1,3.0,53.8,0
7.6,19.0,59.8,1
2.5,11.0,80.5,1
3.8,12.0,34.1,0
1.9,13.0,58.1,1
2.0,17.0,49.0,0
2.0,14.0,66.0,1
1.9,11.0,79.4,1
3.0,12.0,72.9,0
3.8,9.0,63.3,1
0.5,7.0,55.7,1
3.6,13.0,52.9,0
2.4,13.0,55.8,0
2.5,10.0,52.6,0
1.7,14.0,58.6,1
5.3,15.0,58.2,0
4.8,10.0,53.5,0
2.6,13.0,61.8,0
5.6,13.0,63.3,0
3.9,12.0,46.0,0
2.5,13.0,79.1,1
3.1,10.0,56.0,0
0.9,10.0,72.0,0
2.3,15.0,54.6,0
7.8,22.0,69.3,0
2.6,11.0,58.1,0
2.0,10.0,72.4,0
3.6,15.0,100.0,1
6.1,15.0,61.6,0
3.6,13.0,79.3,0
6.1,16.0,56.6,0
1.3,12.0,65.5,0
0.9,13.0,32.6,0
3.2,13.0,69.7,1
7.9,13.0,85.5,0
2.8,11.0,71.1,1
2.8,15.0,52.9,0
6.9,26.0,63.8,1
2.1,17.0,75.9,0
3.3,14.0,67.2,1
0.5,7.0,71.5,0
6.1,13.0,71.5,1
2.6,10.0,50.2,1
2.2,6.0,61.6,0
8.2,16.0,59.2,1
6.0,12.0,66.0,1
6.7,16.0,67.3,1
2.9,15.0,64.1,0
3.3,13.0,37.0,0
1.9,8.0,39.3,1
2.4,15.0,80.7,0
11.2,16.0,39.4,0
2.6,13.0,75.2,1
5.7,16.0,49.5,0
3.7,11.0,97.1,0
1.3,18.0,57.3,0
1.8,7.0,66.4,0
1.6,10.0,66.3,0
2.3,13.0,96.4,1
2.5,8.0,65.3,0
9.3,9.0,75.6,1
2.6,12.0,64.1,0
6.1,14.0,86.3,1
2.0,11.0,91.1,1
5.1,13.0,45.2,0
5.1,15.0,86.7,1
5.2,12.0,67.2,0
8.2,19.0,73.3,1
1.9,12.0,82.4,1
6.9,17.0,68.9,0
7.8,19.0,62.6,1
4.2,11.0,63.6,1
4.5,12.0,55.8,0
4.5,11.0,65.7,0
1.5,9.0,76.6,0
2.1,8.0,80.0,0
1.4,9.0,67.9,0
3.8,13.0,73.4,0
3.5,13.0,64.2,0
3.1,15.0,69.4,1
5.4,12.0,62.0,1
2.6,12.0,58.0,0
1.3,18.0,44.9,0
9.8,17.0,53.9,1
2.9,10.0,76.6,0
0.6,14.0,61.2,0
2.7,13.0,45.3,0
1.7,10.0,78.9,0
1.7,14.0,78.3,0
2.9,18.0,69.5,0
5.0,14.0,68.7,1
8.1,20.0,55.7,1
3.5,13.0,34.7,1
3.4,10.0,75.3,1
4.1,10.0,62.6,0
2.1,10.0,84.0,0
6.8,14.0,59.9,1
4.7,12.0,55.9,0
2.3,17.0,84.7,1
4.6,13.0,73.8,0
2.8,14.0,60.5,0
1.2,13.0,55.9,0
1.3,16.0,61.0,0
3.0,7.0,57.6,1
4.9,10.0,62.7,0
4.2,9.0,54.8,0
7.0,9.0,66.9,0
7.1,17.0,52.5,0
5.6,16.0,41.8,1
1.4,15.0,26.6,0
1.9,12.0,46.3,0
8.3,15.0,59.3,1
3.3,9.0,65.3,0
1.8,12.0,61.6,0
7.0,14.0,66.6,0
2.5,16.0,88.0,0
4.4,7.0,65.3,0
2.2,9.0,81.0,0
3.4,15.0,66.0,1
0.9,13.0,83.5,1
2.7,10.0,48.5,0
2.6,14.0,63.8,0
1.9,9.0,63.2,0
2.6,9.0,72.2,0
5.6,9.0,66.2,1
3.6,6.0,40.5,0
1.0,11.0,70.6,1
2.8,15.0,73.2,0
1.6,6.0,85.2,0
11.4,20.0,53.4,0
0.7,9.0,97.5,1
2.3,7.0,76.6,0
6.4,15.0,70.9,0
3.0,13.0,87.8,1
6.0,18.0,73.6,0
3.8,10.0,62.9,0
2.9,15.0,85.6,0
1.5,14.0,68.9,0
5.3,11.0,64.2,0
5.3,17.0,45.3,0
5.0,12.0,45.9,0
6.8,13.0,59.7,0
2.2,11.0,72.1,1
8.5,19.0,55.6,1
5.4,18.0,77.4,0
3.6,18.0,51.2,1
1.2,8.0,54.8,0
2.2,10.0,73.5,0
3.9,12.0,49.8,0
5.4,15.0,62.7,1
2.9,13.0,42.4,0
5.9,12.0,56.7,0
2.6,14.0,57.6,0
7.5,16.0,66.3,1
9.7,18.0,98.9,1
10.5,17.0,67.2,1
5.7,12.0,62.1,1
7.6,14.0,65.2,1
7.5,18.0,63.9,1
6.4,12.0,63.6,1
1.6,9.0,69.5,0
6.3,18.0,100.0,1
1.8,13.0,76.4,0
7.0,17.0,61.7,1
3.5,11.0,84.0,0
5.4,16.0,48.1,1
6.8,18.0,39.0,0
2.5,10.0,60.3,0
1.4,11.0,46.5,0
2.8,10.0,85.2,0
4.5,16.0,90.5,0
3.5,14.0,73.2,1
6.7,11.0,75.2,0
1.5,17.0,55.3,1
6.7,13.0,82.5,0
2.9,8.0,49.5,0
4.7,15.0,69.3,1
0.5,11.0,80.3,0
3.7,11.0,68.5,1
3.8,12.0,68.7,0
1.0,13.0,77.3,0
3.1,12.0,68.3,1
2.4,10.0,65.2,0
3.8,10.0,55.4,1
3.6,9.0,59.7,0
3.5,15.0,77.5,0
5.6,16.0,91.8,1
2.7,12.0,59.2,0
3.4,14.0,74.5,0
2.2,10.0,79.2,0
2.8,19.0,67.3,1
9.4,20.0,51.5,1
3.0,13.0,66.1,0
2.1,17.0,86.7,0
6.8,21.0,60.7,1
1.5,11.0,54.7,0
0.5,10.0,83.7,1
2.6,10.0,52.4,0
5.9,11.0,69.0,0
4.9,14.0,74.7,1
5.0,13.0,69.3,0
5.2,16.0,70.8,1
2.8,13.0,48.8,0
4.6,13.0,63.1,1
1.0,12.0,56.4,1
3.1,11.0,49.2,0
6.5,17.0,75.1,1
3.1,17.0,56.1,0
1.4,14.0,62.3,0
6.4,16.0,91.4,0
2.6,7.0,54.3,0
4.1,17.0,87.9,1
3.6,11.0,71.8,0
5.6,11.0,55.6,0
2.8,12.0,80.3,1
5.9,16.0,66.8,0
11.3,15.0,73.3,1
2.3,8.0,75.0,1
6.9,13.0,55.0,0
3.4,15.0,55.2,0
3.8,16.0,86.5,1
2.2,6.0,57.7,0
3.5,12.0,75.0,1
4.9,14.0,56.9,0
6.2,12.0,71.3,1
6.8,11.0,42.1,0
11.4,22.0,74.6,1
2.7,10.0,78.7,0
3.6,13.0,64.6,0
2.1,9.0,61.9,0
1.5,13.0,65.0,0
11.4,20.0,65.1,1
4.3,9.0,83.0,0
1.0,11.0,66.1,0
3.3,17.0,89.8,0
5.3,16.0,79.9,0
1.6,13.0,58.4,1
7.2,13.0,54.1,0
5.0,7.0,37.8,1
4.5,11.0,63.9,1
11.1,22.0,56.4,0
6.4,19.0,85.5,0
2.3,10.0,38.3,1
1.5,16.0,54.1,1
7.4,17.0,74.1,0
5.2,15.0,79.1,0
2.2,7.0,39.4,0
6.8,13.0,64.7,1
6.1,13.0,47.8,1
2.5,14.0,36.8,0
8.3,17.0,97.1,1
15.0,22.0,65.4,0
3.9,11.0,87.2,1
8.5,14.0,85.0,0
7.2,16.0,92.1,1
2.5,8.0,46.1,0
2.2,15.0,53.6,1
4.2,19.0,51.7,1
0.6,6.0,53.5,0
1.4,12.0,73.4,0
1.1,10.0,61.3,0
1.4,9.0,61.6,0
2.7,11.0,38.9,0
5.1,10.0,40.8,0
4.1,17.0,59.6,1
1.3,10.0,69.7,0
7.8,20.0,67.9,1
4.3,15.0,61.4,0
3.5,15.0,56.0,0
3.1,14.0,65.7,1
6.9,14.0,52.2,0
4.5,15.0,86.3,1
2.9,15.0,48.5,1
6.6,12.0,86.4,0
1.5,7.0,43.8,0
0.6,10.0,79.9,1
3.9,12.0,69.5,1
4.7,15.0,73.0,1
4.0,11.0,75.2,0
5.7,13.0,80.1,0
3.1,7.0,75.0,0
6.7,17.0,55.7,0
0.5,15.0,74.4,1
6.0,13.0,71.2,1
3.9,16.0,38.3,1
10.5,20.0,66.7,0
7.9,15.0,48.2,1
1.0,8.0,82.2,0
4.3,14.0,70.9,1
3.6,12.0,61.9,1
2.8,18.0,57.5,0
4.1,11.0,58.6,0
6.6,11.0,71.2,0
1.8,18.0,50.2,0
3.8,11.0,43.2,0
8.5,15.0,64.4,1
9.8,21.0,60.3,0
3.6,8.0,48.1,0
5.8,24.0,59.8,1
5.7,15.0,63.4,0
1.8,14.0,70.2,0
1.0,8.0,76.0,0
3.0,15.0,75.0,1
0.5,13.0,44.2,0
0.5,10.0,52.0,0
2.1,11.0,49.4,0
1.1,14.0,76.1,1
2.6,10.0,75.9,0
8.9,16.0,59.5,1
4.0,10.0,49.6,0
8.1,20.0,66.7,1
5.9,12.0,36.0,0
5.2,14.0,49.2,1
5.5,12.0,69.6,0
6.5,21.0,52.3,1
4.9,13.0,43.9,0
4.2,13.0,51.8,0
6.7,15.0,84.7,1
1.6,14.0,56.4,0
1.9,13.0,87.0,1
3.2,20.0,80.2,1
2.9,15.0,74.9,1
3.0,13.0,42.5,0
2.2,14.0,72.8,0
4.3,10.0,55.0,0
8.1,11.0,83.5,0
2.3,19.0,40.4,1
3.3,10.0,32.5,0
2.9,11.0,96.5,1
2.9,14.0,57.0,1
2.5,12.0,35.8,0
3.7,17.0,68.4,0
8.8,17.0,56.5,0
0.5,8.0,81.0,0
5.2,12.0,84.9,1
3.4,10.0,52.6,1
10.0,18.0,59.6,1
2.4,18.0,61.6,0
13.9,18.0,68.4,1
4.8,12.0,60.0,0
6.6,14.0,85.0,1
3.7,19.0,74.4,1
3.2,13.0,67.1,1
1.4,7.0,84.8,0
1.7,11.0,54.4,0
2.7,10.0,78.8,0
2.8,11.0,70.9,0
2.1,10.0,78.8,0
4.1,15.0,91.2,1
0.5,4.0,73.6,0
0.5,14.0,80.6,0
2.1,9.0,85.1,1
4.3,13.0,87.1,1
1.9,14.0,49.3,0
3.9,21.0,93.1,0
2.9,11.0,39.9,0
4.5,13.0,54.9,0
1.0,15.0,66.4,1
5.2,12.0,76.9,1
0.5,6.0,80.6,0
2.5,14.0,64.8,0
3.1,10.0,54.3,0
3.4,10.0,70.8,0
0.9,11.0,64.7,0
14.6,23.0,67.0,1
2.9,14.0,70.1,0
8.0,21.0,78.6,0
2.4,9.0,59.8,0
6.9,20.0,69.4,1
2.2,14.0,60.9,0
3.3,12.0,91.8,1
1.8,11.0,80.4,1
0.8,8.0,53.0,0
2.4,18.0,72.5,0
7.2,14.0,62.9,1
3.8,14.0,56.3,0
2.2,13.0,43.4,0
5.6,14.0,80.7,1
1.6,10.0,70.5,0
3.8,13.0,61.8,0
3.4,14.0,68.3,0
2.3,10.0,76.6,0
4.6,14.0,60.7,0
4.6,14.0,98.9,1
2.1,14.0,76.5,0
1.3,14.0,53.6,0
6.0,18.0,28.1,0
2.5,17.0,92.6,1
3.9,15.0,54.4,0
2.1,19.0,42.0,0
1.2,15.0,63.3,0
3.0,15.0,86.2,0
1.6,9.0,88.5,0
1.7,9.0,58.1,0
5.1,14.0,60.0,1
2.8,7.0,79.1,0
1.8,10.0,62.0,0
4.7,14.0,75.4,0
6.9,10.0,28.7,0
7.5,14.0,41.5,1
3.6,9.0,47.1,0
1.6,11.0,60.1,1
4.7,15.0,56.0,0
2.5,9.0,77.8,0
4.0,14.0,49.5,0
6.5,24.0,78.3,1
2.7,11.0,56.3,1
2.6,12.0,58.6,1
4.2,15.0,59.0,0
4.1,19.0,50.6,1
1.7,8.0,74.3,0
4.9,9.0,57.4,0
3.5,15.0,70.9,1
4.5,10.0,80.7,1
5.8,13.0,100.0,1
3.4,7.0,52.6,0
1.1,8.0,75.6,0
0.9,9.0,58.2,0
2.5,7.0,80.5,1
2.7,8.0,36.6,0
0.5,12.0,62.2,0
4.2,11.0,79.2,1
2.1,11.0,64.4,0
0.9,6.0,63.4,1
3.7,11.0,51.0,0
0.9,10.0,77.3,0
4.7,12.0,75.2,0
0.5,10.0,67.7,0
2.9,13.0,94.5,1
2.9,14.0,56.2,1
3.3,7.0,61.4,0
2.0,11.0,80.3,1
14.9,21.0,64.0,1
2.6,14.0,77.9,0
8.5,22.0,56.2,0
2.5,7.0,40.9,1
1.2,8.0,41.3,0
2.2,14.0,61.7,1
5.0,13.0,72.5,0
4.7,18.0,75.4,1
5.6,10.0,58.7,0
3.4,15.0,28.3,0
1.6,6.0,63.2,0
10.8,17.0,64.2,0
4.2,9.0,43.4,0
6.3,16.0,81.2,0
0.8,10.0,78.2,0
5.6,12.0,46.4,0
8.4,12.0,54.7,1
1.8,7.0,78.6,1
9.8,18.0,51.9,1
3.2,7.0,63.5,0
4.2,10.0,67.6,0
1.8,14.0,77.3,0
2.4,8.0,61.9,0
6.5,17.0,100.0,1
4.2,21.0,73.4,0
10.2,20.0,55.2,0
1.0,10.0,67.4,0
6.2,16.0,77.5,0
1.0,8.0,57.4,0
7.7,16.0,73.9,1
5.2,22.0,48.3,0
1.8,10.0,88.1,1
4.0,15.0,54.3,0
5.0,17.0,54.9,0
4.4,18.0,39.3,1
1.8,11.0,56.3,0
4.0,11.0,30.4,0
7.2,10.0,69.9,0
0.8,14.0,66.6,0
1.3,8.0,56.8,0
2.9,8.0,57.1,0
2.4,8.0,69.1,0
1.6,12.0,69.7,0
8.0,11.0,67.5,1
7.9,15.0,54.9,1
4.5,14.0,54.4,0
3.4,12.0,30.9,0
6.9,10.0,81.1,1
2.7,10.0,75.8,1
4.2,16.0,62.0,0
2.8,8.0,42.2,0
7.5,11.0,97.2,0
1.7,8.0,46.5,0
2.9,15.0,61.0,0
0.7,9.0,28.8,0
7.4,11.0,64.4,1
4.8,12.0,50.1,0
1.8,12.0,68.5,0
6.7,16.0,71.2,0
7.2,14.0,49.6,1
0.9,12.0,74.4,0
4.4,17.0,71.5,1
4.6,19.0,78.1,1
0.8,11.0,68.6,0
4.0,22.0,82.2,0
3.6,12.0,67.3,0
0.7,17.0,68.4,1
6.3,14.0,59.0,0
3.0,10.0,73.1,0
5.8,12.0,56.0,0
13.1,18.0,80.2,1
4.8,9.0,100.0,1
6.9,15.0,74.2,1
6.5,14.0,60.0,1
3.2,14.0,49.0,0
2.4,14.0,63.7,1
1.3,10.0,76.7,0
3.9,13.0,59.1,0
4.6,10.0,37.0,0
6.9,9.0,66.7,1
3.2,13.0,41.9,0
3.2,12.0,66.8,0
2.5,11.0,55.4,0
1.9,7.0,84.8,1
2.3,11.0,60.0,0
5.2,12.0,65.8,0
4.0,9.0,37.2,0
4.1,18.0,72.7,0
5.6,23.0,80.7,1
3.0,12.0,60.7,1
4.7,17.0,81.4,1
2.3,17.0,62.0,1
9.5,20.0,53.8,1
1.6,11.0,58.2,0
4.0,12.0,63.7,1
3.4,12.0,64.3,0
3.1,16.0,55.5,0
5.2,11.0,41.9,0
1.2,12.0,73.0,0
2.9,10.0,87.0,0
3.7,12.0,71.1,0
7.6,17.0,51.7,0
2.9,11.0,42.3,0
4.3,13.0,78.3,0
4.0,13.0,67.3,1
6.1,13.0,36.4,1
3.2,11.0,47.1,0
2.1,11.0,56.5,0
2.4,11.0,56.8,0
5.4,10.0,78.3,0
7.7,18.0,41.0,0
8.5,14.0,83.9,1
1.8,6.0,71.5,0
4.0,13.0,56.6,0
11.9,19.0,72.0,0
2.9,14.0,67.3,0
3.7,15.0,47.1,0
0.9,11.0,82.0,0
2.1,16.0,76.5,0
1.2,9.0,72.0,1
6.5,10.0,62.2,0
2.8,9.0,47.1,0
2.8,12.0,59.4,0
4.6,19.0,54.6,0
1.9,17.0,80.3,0
5.1,13.0,45.0,0
7.9,13.0,83.9,0
2.2,7.0,48.9,0
4.5,15.0,62.0,0
5.2,14.0,54.0,0
6.7,14.0,67.4,1
1.0,10.0,69.1,0
3.6,17.0,80.8,1
2.5,10.0,63.1,0
3.6,16.0,63.9,0
3.2,13.0,51.2,1
4.6,10.0,50.8,0
1.0,11.0,21.9,0
3.0,14.0,86.9,0
1.7,8.0,57.9,1
3.7,14.0,52.3,0
1.2,7.0,82.0,1
3.7,13.0,63.3,1
14.4,22.0,100.0,1
2.0,13.0,61.1,0
7.6,18.0,90.9,1
1.5,9.0,58.5,0
12.5,16.0,68.7,1
3.6,11.0,58.5,0
2.6,16.0,79.9,0
1.9,17.0,49.4,0
0.9,10.0,74.8,0
4.3,11.0,56.5,1
5.5,19.0,66.7,0
1.9,13.0,86.5,1
2.3,15.0,62.8,0
1.6,12.0,82.7,0
1.0,9.0,71.8,0
7.6,18.0,67.0,0
0.5,12.0,77.7,1
2.9,6.0,43.8,0
2.2,9.0,80.4,1
1.2,9.0,79.0,1
3.0,10.0,57.1,0
7.3,15.0,57.3,0
4.6,11.0,60.1,0
6.4,17.0,72.2,0
4.0,12.0,67.4,0
4.9,17.0,81.5,1
2.7,10.0,74.4,0
2.4,11.0,66.8,0
2.6,27.0,83.6,1
3.3,14.0,42.2,0
8.3,15.0,60.1,0
7.0,17.0,57.4,0
0.6,11.0,37.3,0
6.7,17.0,71.8,0
1.3,16.0,66.3,0
5.3,17.0,79.5,0
9.9,21.0,79.1,1
4.8,15.0,58.9,1
1.9,8.0,65.1,0
2.2,10.0,60.1,0
2.4,13.0,61.3,0
3.3,11.0,66.7,0
1.0,13.0,77.1,0
1.7,7.0,92.6,0
6.4,14.0,79.8,1
2.4,9.0,77.8,0
3.8,11.0,62.3,1
4.9,16.0,60.6,0
1.9,10.0,63.1,0
6.7,11.0,44.3,1
0.9,5.0,84.3,0
3.9,10.0,73.0,1
5.7,16.0,67.3,0
3.9,17.0,72.3,0
3.4,9.0,79.2,1
3.3,19.0,71.6,1
9.3,9.0,86.1,1
4.5,14.0,50.2,0
2.2,16.0,76.8,0
3.0,14.0,69.7,0
6.4,15.0,48.1,1
4.9,15.0,35.4,1
0.6,6.0,86.4,0
4.0,8.0,71.5,0
5.8,11.0,74.2,0
4.4,13.0,62.5,0
0.6,14.0,69.9,1
1.6,14.0,61.4,0
8.1,19.0,90.2,1
7.3,14.0,33.6,1
2.7,10.0,97.1,1
3.7,13.0,54.7,0
2.1,11.0,56.8,0
12.0,17.0,90.4,1
2.0,10.0,100.0,1
1.2,6.0,54.8,1
15.0,25.0,73.1,1
3.3,16.0,49.3,0
2.7,10.0,71.1,1
3.6,14.0,80.8,0
1.9,7.0,42.7,0
2.8,11.0,88.6,0
1.8,9.0,71.0,0
3.7,15.0,65.4,1
2.6,13.0,67.9,0
1.5,7.0,89.8,0
6.3,14.0,71.4,1
2.8,9.0,72.6,0
3.3,16.0,55.2,1
2.6,9.0,61.9,0
2.2,12.0,78.9,1
1.0,11.0,82.8,1
5.0,9.0,72.1,1
4.2,17.0,71.5,1
5.7,22.0,39.0,0
4.0,10.0,54.0,0
1.9,7.0,76.7,0
2.0,10.0,65.3,0
11.3,22.0,63.1,0
9.1,18.0,70.5,1
2.7,15.0,49.9,0
8.8,18.0,70.7,1
5.2,7.0,66.3,1
2.5,9.0,70.3,0
5.2,17.0,76.3,1
3.7,11.0,55.2,1
2.9,10.0,52.7,0
1.8,9.0,25.5,1
1.4,6.0,60.9,0
1.1,11.0,60.2,0
7.9,15.0,57.7,1
2.6,13.0,77.6,0
4.5,16.0,73.0,0
2.6,11.0,79.0,0
2.3,12.0,44.1,0
3.9,13.0,66.4,0
1.8,13.0,53.3,0
4.3,15.0,63.1,0
6.9,11.0,70.7,0
2.9,12.0,40.2,0
0.5,10.0,51.7,1
1.7,12.0,73.0,0
2.1,13.0,83.3,1
12.3,22.0,64.6,1
1.6,6.0,70.5,0
4.9,13.0,64.5,1
2.0,14.0,83.0,1
4.1,11.0,70.2,0
9.2,15.0,61.3,0
5.9,17.0,81.6,0
5.5,12.0,55.5,0
1.5,11.0,71.4,0
2.4,13.0,74.5,0
4.2,17.0,51.8,0
2.9,13.0,62.7,0
0.6,11.0,57.7,0
1.1,16.0,63.6,0
3.3,12.0,53.9,0
1.7,9.0,85.0,0
7.4,14.0,72.9,1
4.1,11.0,85.3,1
3.0,8.0,83.9,0
3.1,7.0,65.9,0
5.5,16.0,33.7,0
3.2,9.0,92.4,0
7.6,19.0,40.1,1
3.5,9.0,91.8,1
3.4,10.0,66.6,0
5.3,9.0,62.3,1
2.9,16.0,59.2,1
5.2,18.0,48.2,1
4.0,13.0,48.1,0
2.7,13.0,55.1,0
11.0,23.0,49.8,1
1.4,9.0,63.7,1
1.1,14.0,64.8,1
1.3,11.0,35.8,0
2.1,8.0,65.9,0
11.7,16.0,51.5,0
3.6,15.0,65.1,0
3.2,13.0,63.5,0
5.1,15.0,79.3,0
3.0,15.0,69.2,0
1.5,7.0,40.7,0
4.9,15.0,67.8,0
7.4,17.0,48.5,1
3.4,14.0,71.5,1
1.6,15.0,58.4,0
3.0,8.0,57.7,0
2.6,10.0,73.3,1
6.5,17.0,42.5,0
3.3,17.0,89.3,1
6.4,16.0,37.4,1
4.1,11.0,61.4,0
0.8,10.0,63.4,0
4.0,19.0,37.4,0
4.5,15.0,91.8,1
2.0,14.0,61.1,0
9.7,20.0,41.5,1
4.3,12.0,85.5,0
5.5,17.0,77.7,0
5.3,16.0,74.8,0
1.6,9.0,78.1,0
5.2,15.0,38.0,0
6.0,18.0,80.5,1
2.6,12.0,65.4,0
1.8,17.0,71.9,1
3.3,12.0,69.3,0
2.1,12.0,100.0,0
1.5,11.0,77.6,0
1.8,12.0,84.4,1
1.9,16.0,56.7,1
6.0,16.0,58.3,0
7.7,21.0,58.9,0
7.4,23.0,76.5,1
3.3,15.0,67.1,1
5.4,13.0,65.8,0
1.0,15.0,58.1,0
5.1,20.0,36.8,0
2.2,9.0,83.5,0
4.7,19.0,86.1,1
3.3,17.0,74.7,1
4.7,10.0,34.8,0
1.2,9.0,61.5,1
7.1,19.0,59.8,1
7.0,14.0,76.9,1
6.3,15.0,66.8,0
3.8,15.0,73.5,1
3.5,8.0,71.3,0
7.9,17.0,58.0,0
4.7,16.0,59.7,1
2.6,10.0,63.9,0
8.0,24.0,59.0,1
5.4,14.0,59.0,0
1.1,12.0,64.5,0
6.6,15.0,53.1,1
3.0,12.0,78.4,0
3.2,13.0,67.7,0
1.5,10.0,74.3,0
5.7,14.0,64.4,0
1.0,9.0,66.1,0
3.2,16.0,71.8,1
0.8,12.0,76.1,1
6.7,24.0,62.6,1
5.9,15.0,44.9,0
8.0,14.0,60.3,1
3.9,10.0,100.0,1
9.0,13.0,54.2,0
2.3,15.0,67.8,1
6.6,18.0,96.2,1
3.7,12.0,45.1,1
1.2,15.0,36.9,0
5.9,15.0,65.5,0
3.9,8.0,95.7,1
3.7,12.0,74.3,0
0.8,9.0,79.8,1
10.9,16.0,100.0,1
3.5,12.0,77.1,1
11.4,21.0,57.2,1
3.0,21.0,61.4,0
4.5,16.0,55.2,1
14.0,22.0,85.0,1
3.2,11.0,73.8,0
2.6,13.0,72.6,0
1.0,11.0,50.2,0
1.1,14.0,31.1,1
3.0,14.0,45.9,0
5.4,10.0,69.1,1
1.8,6.0,40.4,0
9.4,22.0,56.3,1
2.8,14.0,59.6,0
2.6,10.0,46.0,0
3.5,12.0,76.8,0
3.1,15.0,65.4,0
3.7,14.0,65.1,1
4.1,11.0,53.4,0
7.0,15.0,82.8,1
2.3,15.0,90.1,0
8.4,17.0,90.4,1
4.1,9.0,68.5,1
2.1,11.0,70.4,1
3.5,16.0,100.0,1
1.5,15.0,62.1,1
0.6,9.0,69.9,0
1.9,12.0,52.7,0
1.7,11.0,53.7,0
3.0,11.0,53.2,0
7.2,14.0,67.5,1
4.9,16.0,63.3,1
0.9,10.0,78.8,1
5.0,18.0,52.3,1
3.3,7.0,77.0,1
8.1,17.0,68.5,1
0.9,8.0,40.8,0
3.1,13.0,70.8,0
2.1,13.0,63.2,1
1.1,13.0,57.5,0
2.3,15.0,42.9,0
5.8,21.0,69.8,1
3.1,8.0,49.8,0
7.4,14.0,65.1,0
1.1,8.0,68.4,0
4.8,14.0,74.1,0
3.5,6.0,71.2,1
1.3,9.0,71.2,0
3.8,13.0,68.1,0
5.0,13.0,79.5,0
8.7,17.0,32.9,0
5.9,17.0,41.0,0
1.8,12.0,43.9,0
1.3,6.0,81.1,0
2.0,15.0,63.4,0
4.6,11.0,38.0,0
2.1,11.0,75.5,0
5.0,12.0,80.5,0
2.7,11.0,71.6,1
1.8,17.0,53.1,0
1.8,11.0,82.6,1
4.8,19.0,92.4,1
5.3,11.0,41.8,0
1.1,9.0,57.9,0
2.4,11.0,62.0,0
4.3,15.0,46.0,1
5.7,15.0,67.7,0
7.4,12.0,53.4,1
4.9,9.0,42.9,1
2.8,8.0,80.9,0
3.4,16.0,78.7,0
2.0,8.0,72.6,1
1.6,13.0,58.7,0
0.5,12.0,75.8,1
0.6,8.0,64.7,0
1.2,11.0,69.3,0
1.5,9.0,76.4,1
4.1,13.0,73.5,0
4.6,12.0,95.7,0
3.2,16.0,76.0,1
8.7,16.0,68.3,1
0.8,11.0,44.6,0
3.1,12.0,41.4,0
2.1,13.0,57.2,0
2.6,22.0,51.2,0
5.8,16.0,42.6,0
0.8,8.0,77.9,0
1.4,9.0,47.7,0
0.7,9.0,71.2,0
2.7,7.0,19.6,0
7.6,13.0,61.7,0
3.0,8.0,66.4,1
5.7,19.0,56.4,0
4.9,14.0,59.8,1
7.6,17.0,87.1,0
5.0,14.0,84.7,1
3.9,9.0,56.9,0
4.0,13.0,58.3,1
4.9,13.0,85.3,1
4.0,10.0,52.0,1
3.5,11.0,58.9,0
3.1,8.0,40.2,0
9.1,16.0,27.7,0
2.9,9.0,51.9,0
5.9,14.0,80.3,1
2.2,15.0,53.1,1
2.4,17.0,47.6,0
1.4,17.0,79.1,1
2.2,6.0,89.2,1
4.9,12.0,70.1,0
2.6,11.0,70.3,0
2.3,7.0,82.7,0
8.2,18.0,22.3,0
4.1,13.0,38.1,0
8.6,23.0,88.5,1
1.3,14.0,54.1,0
11.8,20.0,37.4,1
6.5,14.0,52.9,0
2.7,14.0,65.3,0
3.3,14.0,54.9,0
4.6,13.0,64.4,1
7.5,20.0,71.6,1
1.7,5.0,67.5,0
1.1,9.0,69.3,1
4.9,14.0,56.0,0
15.0,26.0,75.3,1
1.7,10.0,51.0,0
1.5,10.0,70.2,0
6.6,17.0,60.2,1
6.1,18.0,36.3,0
4.7,15.0,50.9,0
2.4,13.0,49.5,0
2.5,12.0,79.2,1
4.9,16.0,67.4,0
3.9,12.0,82.5,0
3.5,12.0,51.2,0
3.2,11.0,71.0,0
9.2,13.0,49.3,1
2.7,13.0,84.7,0
8.6,18.0,52.4,1
7.2,21.0,60.1,1
5.6,11.0,40.8,0
1.9,23.0,67.0,1
2.1,10.0,68.7,1
2.7,10.0,72.1,0
10.9,21.0,84.3,1
4.9,15.0,76.1,0
5.6,13.0,60.1,1
7.5,14.0,61.3,0
2.1,15.0,41.6,1
1.5,14.0,76.3,0
2.4,9.0,68.3,1
2.0,7.0,74.1,0
9.1,14.0,58.4,1
7.8,14.0,64.6,1
7.0,16.0,72.0,1
3.8,15.0,44.8,0
3.3,7.0,83.8,0
5.3,10.0,66.9,0
6.4,11.0,51.8,0
13.4,19.0,51.9,1
3.3,13.0,89.5,0
2.9,14.0,62.9,0
3.3,7.0,68.3,0
6.2,16.0,71.8,1
4.6,17.0,76.6,1
6.0,15.0,60.3,1
1.7,7.0,68.8,0
1.9,7.0,77.7,1
6.0,14.0,85.4,1
4.2,11.0,69.4,0
13.5,20.0,60.9,1
3.9,17.0,79.4,0
4.3,12.0,64.0,0
3.4,12.0,44.8,0
5.4,13.0,73.5,1
3.3,12.0,70.2,1
3.5,16.0,81.4,1
2.2,14.0,76.4,0
2.3,18.0,72.3,1
8.5,16.0,77.5,1
1.3,10.0,89.2,0
2.1,13.0,33.1,0
4.2,9.0,46.7,0
1.8,7.0,62.0,0
3.8,8.0,49.8,0
4.9,12.0,60.4,1
3.4,6.0,58.0,0
7.0,16.0,39.9,1
13.7,25.0,62.7,1
4.9,9.0,76.7,1
4.4,11.0,90.9,1
2.2,14.0,81.4,0
6.7,16.0,50.9,0
1.3,12.0,32.0,0
1.0,15.0,72.0,0
5.5,8.0,71.0,0
1.8,14.0,48.0,0
7.7,20.0,79.3,1
1.7,8.0,70.7,1
3.3,10.0,31.0,0
5.8,18.0,32.9,0
4.9,11.0,60.0,0
4.3,11.0,62.6,0
2.6,10.0,43.5,0
7.4,14.0,69.0,1
1.0,6.0,88.2,0
4.1,10.0,53.1,0
6.0,13.0,87.4,0
5.7,19.0,65.0,0
3.8,17.0,53.0,1
2.2,14.0,44.0,0
5.2,21.0,70.7,0
2.5,13.0,52.5,0
0.5,13.0,81.6,0
0.9,9.0,75.9,1
2.5,10.0,58.7,1
6.4,12.0,70.4,1
7.5,13.0,36.8,1
2.9,12.0,75.9,0
7.3,15.0,55.4,1
5.4,16.0,67.7,1
6.3,13.0,66.7,1
2.9,11.0,79.6,1
3.7,12.0,72.3,1
4.4,12.0,44.9,0
6.3,18.0,86.2,1
4.5,16.0,64.0,0
6.7,11.0,50.0,0
2.7,11.0,71.1,0
0.6,7.0,83.0,0
1.7,13.0,74.7,0
5.5,13.0,80.8,1
4.6,14.0,81.4,0
2.6,10.0,29.1,0
8.2,15.0,57.4,1
4.6,17.0,73.5,1
5.6,19.0,32.5,1
0.5,6.0,85.3,1
5.2,13.0,59.9,0
6.5,17.0,74.9,1
5.5,15.0,51.0,1
2.9,11.0,45.5,0
3.1,10.0,77.3,1
3.6,11.0,68.0,0
6.6,12.0,58.0,1
7.8,15.0,70.9,1
9.5,19.0,80.0,1
0.7,13.0,36.4,0
6.2,13.0,51.6,1
2.1,12.0,63.8,1
3.1,12.0,70.9,1
2.6,16.0,59.5,1
4.0,18.0,58.4,0
2.6,11.0,34.8,1
5.8,13.0,63.5,1
4.9,10.0,68.6,0
4.6,16.0,57.5,0
6.6,15.0,45.3,0
2.4,10.0,10.8,0
6.1,15.0,54.4,1
2.8,13.0,82.3,0
5.2,8.0,66.2,1
5.8,13.0,67.8,1
12.3,15.0,49.7,1
0.5,11.0,89.1,0
3.3,12.0,83.1,0
5.3,11.0,43.4,0
3.6,19.0,26.2,0
1.3,17.0,74.7,0
1.9,17.0,48.9,0
0.8,5.0,66.5,0
6.1,12.0,79.5,1
3.3,11.0,70.1,1
8.0,17.0,78.3,0
2.8,11.0,59.3,0
8.5,19.0,78.0,1
5.1,13.0,63.7,0
0.5,6.0,89.2,0
8.5,18.0,57.6,1
4.0,15.0,66.7,1
2.3,9.0,61.7,1
0.9,10.0,77.5,0
7.5,14.0,76.0,0
1.9,12.0,78.5,1
3.9,18.0,79.0,1
5.1,10.0,66.6,1
1.8,11.0,84.0,1
3.1,12.0,72.3,0
3.3,12.0,37.7,0
2.1,15.0,92.2,0
2.7,10.0,94.8,0
4.0,16.0,66.4,0
2.2,17.0,80.4,1
5.6,16.0,50.8,0
1.0,9.0,71.2,0
1.6,9.0,77.4,0
7.7,19.0,50.5,1
3.9,15.0,33.3,0
6.8,16.0,72.6,1
1.9,9.0,78.8,0
4.3,14.0,62.0,0
12.1,20.0,53.0,1
2.4,13.0,58.2,0
2.4,16.0,91.4,1
3.0,12.0,72.5,1
3.5,15.0,54.5,0
1.9,8.0,66.1,0
3.2,14.0,29.8,0
1.5,18.0,78.2,0
2.6,12.0,63.1,0
3.7,12.0,50.6,1
0.5,13.0,34.5,0
5.2,12.0,78.4,1
4.7,14.0,75.2,1
3.6,12.0,75.7,1
6.5,15.0,74.2,0
2.5,16.0,60.5,0
6.1,19.0,46.2,1
6.2,11.0,87.3,0
3.9,13.0,67.3,0
4.7,14.0,66.1,1
5.0,13.0,84.0,1
2.0,11.0,71.0,0
8.4,19.0,66.6,0
5.9,19.0,59.4,0
7.1,14.0,70.4,1
2.3,15.0,69.2,1
9.8,21.0,64.8,1
8.0,13.0,100.0,1
9.6,14.0,42.1,0
4.5,13.0,38.0,1
5.9,12.0,50.5,0
9.5,13.0,54.8,0
1.3,8.0,71.3,0
6.5,16.0,49.8,0
2.6,8.0,59.5,1
4.4,12.0,67.1,1
1.6,12.0,77.1,0
5.4,15.0,76.9,0
0.9,8.0,58.3,0
0.5,10.0,93.4,0
7.5,12.0,67.7,0
9.0,12.0,55.7,0
1.3,13.0,80.8,1
3.8,8.0,61.4,1
2.5,12.0,55.5,0
1.8,11.0,66.5,0
9.3,17.0,73.0,1
6.6,16.0,62.0,0
4.7,13.0,74.6,0
1.0,15.0,45.9,0
4.1,20.0,43.7,0
2.5,9.0,52.1,0
0.5,12.0,100.0,0
1.8,10.0,66.2,0
2.7,14.0,79.3,1
3.5,12.0,72.7,1
2.4,12.0,52.0,1
1.0,15.0,74.5,0
4.5,15.0,56.4,0
8.2,13.0,62.6,1
5.7,19.0,57.9,0
5.6,15.0,67.1,0
1.7,8.0,94.8,1
1.1,12.0,53.6,0
2.6,7.0,65.1,0
1.7,12.0,60.4,0
0.6,9.0,87.7,0
1.2,15.0,92.3,0
2.4,15.0,55.3,1
2.6,20.0,44.1,0
1.7,9.0,56.0,0
3.9,12.0,68.0,1
6.9,12.0,52.5,1
0.9,9.0,81.9,0
7.3,18.0,92.8,1
1.4,8.0,72.3,0
6.7,15.0,79.0,0
1.9,14.0,72.2,0
2.7,8.0,32.5,0
7.5,12.0,45.9,0
3.3,10.0,52.1,0
8.0,16.0,46.8,0
2.7,15.0,67.7,1
2.3,12.0,88.9,0
2.6,7.0,57.8,0
6.7,11.0,65.3,1
3.6,14.0,72.1,0
5.1,15.0,56.5,1
0.9,8.0,73.7,1
4.2,13.0,56.5,1
0.7,8.0,53.7,0
3.5,8.0,97.9,1
7.7,20.0,88.2,1
3.3,8.0,58.4,0
3.5,12.0,58.6,1
2.2,18.0,65.3,1
1.7,19.0,87.1,0
2.2,7.0,70.3,1
0.6,14.0,89.3,1
1.4,15.0,52.1,0
1.7,9.0,81.8,0
5.6,17.0,67.1,0
0.6,10.0,74.9,1
1.2,15.0,80.4,0
0.9,14.0,58.5,0
1.0,7.0,69.7,0
1.1,13.0,48.4,0
1.7,12.0,61.1,0
10.2,22.0,48.9,1
2.7,11.0,76.6,0
3.2,11.0,59.9,0
4.2,15.0,68.8,0
0.5,10.0,41.0,0
0.9,11.0,66.1,1
1.3,6.0,91.2,0
2.6,11.0,43.7,0
0.5,12.0,88.3,1
5.7,15.0,54.3,0
6.1,12.0,57.6,0
1.4,7.0,26.8,0
1.4,6.0,74.1,0
4.2,12.0,77.1,0
3.0,8.0,20.4,0
0.5,7.0,56.2,0
1.2,11.0,48.0,0
5.7,18.0,81.4,1
5.2,11.0,86.3,0
0.5,11.0,41.9,0
0.7,10.0,58.9,0
2.1,11.0,86.8,1
1.4,12.0,60.9,1
5.3,18.0,63.8,1
2.8,8.0,54.9,0
4.1,14.0,65.1,0
3.6,17.0,62.3,1
2.1,9.0,63.3,0
5.0,16.0,72.0,0
7.8,12.0,69.8,0
2.2,11.0,48.0,0
1.5,14.0,52.6,1
3.2,15.0,76.3,0
2.3,7.0,58.6,0
8.6,18.0,54.2,0
2.3,11.0,60.6,0
3.1,12.0,66.7,1
6.8,17.0,36.6,0
6.0,17.0,62.5,0
2.9,11.0,62.8,0
0.8,11.0,37.3,0
5.2,19.0,65.7,1
5.7,10.0,56.0,0
3.4,17.0,70.1,0
5.6,13.0,66.9,1
3.5,16.0,65.7,1
4.5,15.0,69.5,0
3.7,21.0,51.4,0
3.4,9.0,55.5,0
6.3,21.0,44.0,1
8.6,16.0,55.5,1
5.3,12.0,53.2,0
2.5,18.0,73.5,1
6.3,19.0,61.7,1
3.4,20.0,47.5,0
2.4,12.0,82.5,1
2.7,13.0,32.7,1
4.1,10.0,74.1,1
10.2,16.0,60.8,0
11.5,20.0,65.2,1
6.2,13.0,60.0,1
2.9,12.0,69.8,0
2.3,14.0,89.3,1
3.4,15.0,39.7,0
9.7,16.0,56.1,1
2.4,6.0,57.2,0
1.6,12.0,49.5,0
5.5,17.0,64.4,0
3.5,9.0,63.3,0
4.6,16.0,61.8,1
1.8,15.0,66.9,0
4.8,10.0,69.5,0
2.9,7.0,82.2,1
4.2,16.0,57.0,0
3.3,14.0,51.3,1
3.3,13.0,70.1,1
3.8,12.0,69.3,0
1.1,14.0,84.5,1
2.4,14.0,87.9,1
6.9,16.0,89.3,0
5.3,16.0,57.8,0
2.7,12.0,64.0,0
3.4,15.0,70.4,1
3.9,7.0,59.8,0
6.7,15.0,84.2,1
0.8,8.0,79.0,0
4.3,9.0,75.0,0
13.0,22.0,55.5,1
0.5,12.0,57.0,0
2.2,8.0,81.4,0
4.2,6.0,67.2,1
7.3,10.0,46.6,0
3.6,18.0,70.8,0
5.0,16.0,37.7,1
0.5,13.0,47.4,0
0.9,12.0,62.9,0
3.5,13.0,45.5,0
1.3,10.0,73.6,0
3.5,17.0,55.7,0
3.9,15.0,63.4,0
0.5,9.0,76.6,0
7.4,16.0,65.4,0
4.0,16.0,56.9,0
0.7,9.0,89.6,0
4.8,14.0,86.1,0
1.3,14.0,54.3,0
3.0,17.0,49.3,1
3.2,13.0,50.5,0
5.4,8.0,75.3,1
2.2,14.0,74.2,0
4.8,17.0,55.6,0
2.4,13.0,46.6,1
0.8,14.0,65.7,1
4.3,11.0,58.1,0
1.9,15.0,73.8,1
3.2,13.0,80.2,1
3.9,7.0,56.7,1
1.5,8.0,54.3,0
3.9,13.0,50.7,0
1.4,11.0,56.6,0
1.5,13.0,72.4,0
2.1,6.0,76.4,1
3.7,10.0,66.2,0
3.1,13.0,50.8,0
4.2,11.0,38.1,0
3.1,12.0,73.4,0
6.7,18.0,84.5,1
2.6,14.0,45.9,0
3.0,16.0,46.6,1
3.8,18.0,69.6,1
3.5,14.0,41.4,0
4.4,14.0,78.0,1
6.8,22.0,80.2,0
6.3,17.0,37.0,1
0.5,10.0,62.5,0
9.3,12.0,49.4,1
6.1,9.0,48.7,1
0.9,8.0,61.6,0
3.8,13.0,62.2,0
0.6,10.0,82.7,0
2.1,12.0,52.6,0
1.6,8.0,57.1,0
0.5,14.0,96.0,1
1.2,4.0,70.2,0
1.6,15.0,72.7,0
2.8,19.0,55.5,0
15.0,18.0,55.5,1
3.0,7.0,63.8,0
6.1,14.0,35.1,0
5.0,18.0,60.1,1
2.7,17.0,53.4,0
6.3,17.0,75.9,1
4.0,16.0,63.1,0
2.0,6.0,55.7,0
2.5,12.0,65.1,0
4.0,11.0,63.1,0
2.0,18.0,48.5,0
5.0,15.0,32.9,0
1.6,11.0,71.1,0
5.7,15.0,77.0,1
9.5,14.0,36.7,1
7.4,21.0,75.8,0
2.2,11.0,48.1,0
3.3,11.0,56.6,0
5.3,12.0,63.4,0
3.2,13.0,57.2,0
2.0,17.0,74.1,0
7.5,15.0,64.5,1
5.4,8.0,85.6,1
3.3,13.0,63.6,1
6.7,15.0,80.6,1
4.1,10.0,58.8,1
1.6,13.0,71.1,1
2.2,11.0,62.7,0
4.3,10.0,50.7,1
1.9,15.0,64.4,0
1.8,9.0,60.1,0
3.7,11.0,46.5,0
5.5,18.0,65.3,0
5.1,12.0,43.3,0
1.1,6.0,70.9,0
4.1,9.0,71.7,1
4.0,15.0,51.9,1
1.4,10.0,66.8,0
6.4,13.0,77.4,1
1.6,15.0,67.6,0
2.3,17.0,69.1,0
4.0,9.0,78.7,0
2.5,12.0,52.8,0
3.6,12.0,68.1,1
5.1,10.0,58.1,1
1.9,9.0,21.2,0
0.8,10.0,76.6,1
1.0,11.0,68.7,0
2.9,15.0,81.4,0
7.2,19.0,68.8,0
2.7,16.0,55.8,0
2.9,12.0,72.1,0
4.6,23.0,55.9,1
4.6,19.0,72.1,1
1.8,10.0,44.5,1
8.1,13.0,39.1,0
1.1,9.0,63.3,0
2.7,10.0,64.0,0
11.5,13.0,58.1,1
4.4,9.0,61.5,0
5.7,16.0,59.5,1
1.4,14.0,72.4,0
1.5,7.0,96.2,0
6.6,17.0,56.9,0
3.2,10.0,73.0,1
3.8,18.0,65.9,0
4.5,14.0,74.4,0
1.6,11.0,61.6,0
5.3,19.0,52.5,1
5.4,23.0,46.7,0
1.8,10.0,67.3,0
2.5,5.0,65.7,0
3.0,11.0,67.1,0
9.6,18.0,86.8,1
6.9,18.0,53.0,1
3.6,13.0,75.8,0
2.4,13.0,65.1,0
1.0,12.0,69.8,0
3.2,19.0,25.7,0
3.4,13.0,54.3,0
15.0,23.0,66.6,1
2.6,12.0,66.7,0
2.6,12.0,67.7,0
2.6,20.0,56.7,0
5.3,18.0,86.3,1
5.1,13.0,71.7,0
0.5,12.0,88.2,0
2.1,13.0,76.8,0
3.7,10.0,83.6,0
3.5,9.0,66.7,0
2.9,15.0,57.5,1
6.2,22.0,38.7,0
2.0,11.0,85.5,0
2.0,9.0,50.0,1
4.2,10.0,67.8,0
2.5,13.0,61.0,0
2.6,14.0,64.5,0
7.3,13.0,62.0,1
7.1,14.0,72.0,0
1.7,10.0,64.3,0
0.5,9.0,55.7,1
2.1,8.0,85.6,1
1.5,9.0,60.7,0
2.5,11.0,79.0,0
2.5,13.0,56.0,0
5.6,17.0,65.0,1
1.8,6.0,68.0,0
2.7,9.0,79.6,1
4.0,14.0,60.9,0
3.3,14.0,61.5,0
2.5,11.0,67.6,0
1.8,14.0,83.2,0
7.1,17.0,70.6,1
3.5,14.0,55.6,0
5.8,13.0,55.1,0
4.9,11.0,52.3,0
4.5,11.0,79.1,1
4.7,9.0,72.5,0
2.9,17.0,79.9,1
1.4,9.0,79.7,1
6.9,18.0,56.3,0
4.2,19.0,69.9,1
4.7,11.0,74.3,1
2.3,12.0,66.4,1
1.0,20.0,35.8,0
4.3,16.0,68.4,0
1.7,8.0,82.5,0
1.3,15.0,67.3,0
2.0,10.0,64.3,1
9.7,18.0,68.4,1
3.0,10.0,52.9,0
2.8,13.0,67.4,0
1.7,9.0,77.8,1
7.8,17.0,82.0,1
3.5,7.0,70.3,0
2.0,18.0,54.8,0
2.5,12.0,64.9,0
9.5,19.0,70.1,1
3.1,9.0,56.2,0
4.8,13.0,57.3,1
1.5,13.0,63.4,1
5.0,17.0,87.1,0
5.1,15.0,92.4,1
0.8,7.0,75.7,0
3.9,12.0,86.2,0
6.5,14.0,47.1,0
3.7,15.0,75.2,0
3.1,9.0,58.0,1
5.0,8.0,100.0,1
10.1,18.0,95.8,1
3.2,10.0,59.7,0
5.1,12.0,59.8,1
5.4,13.0,82.8,0
6.1,17.0,72.5,0
7.4,12.0,76.9,1
3.9,15.0,62.1,0
0.6,8.0,71.9,0
4.5,14.0,33.0,0
5.0,13.0,75.2,0
2.4,14.0,70.7,1
4.0,15.0,91.5,1
2.5,7.0,56.2,0
9.7,17.0,31.8,0
0.8,16.0,74.8,1
9.7,20.0,57.9,1
1.8,11.0,67.0,0
1.9,8.0,100.0,0
8.0,13.0,81.1,1
1.5,9.0,65.1,0
0.5,8.0,74.4,0
3.9,19.0,57.4,0
5.7,16.0,77.5,0
1.5,8.0,66.0,0
3.7,13.0,42.5,0
0.5,12.0,62.7,0
3.4,10.0,63.6,1
0.7,9.0,92.4,0
4.9,18.0,57.2,1
8.2,15.0,80.2,1
2.1,9.0,63.5,0
4.0,15.0,76.4,1
1.3,9.0,75.3,0
4.3,14.0,30.0,0
5.2,15.0,70.2,1
7.1,10.0,55.5,0
7.0,17.0,60.8,0
9.9,23.0,61.2,0
0.8,9.0,65.4,0
5.0,17.0,58.1,0
2.5,8.0,46.0,0
3.2,18.0,84.1,0
4.6,13.0,74.3,0
5.1,16.0,61.6,0
5.6,12.0,70.9,0
7.2,15.0,51.0,1
1.8,14.0,80.9,1
0.9,15.0,63.6,0
10.9,16.0,66.7,1
0.9,14.0,52.8,0
4.0,10.0,64.6,1
11.0,20.0,62.2,1
3.4,9.0,71.4,0
2.6,11.0,85.8,0
0.9,14.0,57.1,0
2.9,7.0,78.9,1
2.6,14.0,70.8,0
9.7,20.0,75.5,1
2.3,8.0,63.6,0
1.5,11.0,71.5,0
0.8,13.0,61.5,0
4.6,16.0,62.9,1
4.2,11.0,86.6,0
7.4,15.0,44.3,0
4.3,15.0,41.0,0
7.5,19.0,61.4,1
2.9,9.0,56.9,0
9.7,20.0,72.3,1
0.8,8.0,91.9,0
4.9,11.0,47.3,0
4.4,12.0,46.0,0
1.9,9.0,59.7,0
1.9,15.0,53.4,0
3.1,16.0,68.8,0
4.7,14.0,51.6,0
9.0,18.0,79.0,1
2.3,17.0,58.6,0
7.6,14.0,75.6,1
2.3,15.0,45.1,0
8.9,16.0,57.8,1
0.5,10.0,87.2,0
5.5,17.0,50.2,0
5.2,8.0,48.8,0
0.8,10.0,76.9,0
4.3,10.0,72.9,0
3.6,12.0,54.3,0
2.3,11.0,80.2,0
5.5,11.0,62.0,0
4.6,12.0,56.0,1
1.5,3.0,75.4,0
1.3,12.0,88.5,0
1.4,13.0,65.7,0
2.8,16.0,74.1,0
3.0,20.0,62.1,0
1.8,9.0,100.0,1
5.1,13.0,57.2,1
1.3,12.0,72.2,0
9.5,23.0,60.6,1
7.5,16.0,62.0,1
2.0,12.0,59.2,0
6.3,13.0,76.8,1
2.1,17.0,92.4,0
3.5,13.0,76.4,1
5.3,11.0,64.5,1
4.9,12.0,88.8,0
5.0,18.0,84.8,1
2.0,12.0,66.9,0
5.3,12.0,100.0,0
6.5,15.0,56.1,0
3.9,14.0,100.0,0
4.4,16.0,76.9,1
0.5,5.0,51.5,0
1.0,8.0,65.6,0
0.7,9.0,83.1,0
3.2,11.0,54.7,0
3.9,12.0,38.0,0
5.7,20.0,78.2,1
2.0,14.0,83.0,0
2.3,8.0,49.6,0
9.1,16.0,76.8,1
4.2,10.0,89.3,1
5.1,11.0,65.2,0
2.6,15.0,40.6,0
1.8,8.0,77.9,1
1.3,8.0,56.2,0
1.1,9.0,57.8,1
1.7,14.0,62.9,0
3.1,14.0,83.8,1
8.8,18.0,35.8,0
2.4,11.0,72.8,0
4.7,11.0,67.6,0
5.2,12.0,71.7,1
3.1,12.0,72.2,1
1.1,14.0,79.6,0
4.7,16.0,78.8,1
5.4,11.0,70.6,0
9.5,18.0,89.7,1
3.3,10.0,57.3,0
2.3,13.0,71.4,0
1.4,11.0,79.7,0
3.3,10.0,77.9,0
4.4,16.0,37.8,0
2.9,11.0,74.3,0
6.7,19.0,58.5,1
5.7,14.0,66.1,1
1.6,12.0,28.7,0
1.5,6.0,41.8,0
3.9,9.0,62.4,0
0.7,10.0,40.8,0
5.0,14.0,39.9,0
2.0,12.0,96.6,1
6.1,13.0,68.6,1
1.8,11.0,55.2,0
6.8,19.0,79.6,1
9.1,17.0,67.3,1
1.8,14.0,53.4,0
0.8,16.0,47.1,0
1.7,9.0,70.7,0
2.4,13.0,48.6,0
4.4,14.0,72.0,0
2.9,13.0,57.8,1
2.4,5.0,60.4,0
2.0,10.0,38.5,0
1.2,10.0,55.0,0
5.6,10.0,83.2,0
4.9,11.0,70.2,0
5.6,22.0,76.8,1
2.1,12.0,79.0,1
8.6,22.0,88.9,1
13.8,18.0,55.9,1
8.3,20.0,55.6,1
1.8,14.0,76.1,0
7.9,15.0,46.4,0
3.0,13.0,70.7,1
1.7,6.0,62.8,0
0.5,12.0,75.1,0
7.2,17.0,55.3,0
6.3,14.0,44.6,0
1.9,11.0,64.2,0
4.7,13.0,66.7,0
4.6,13.0,65.7,0
6.4,12.0,64.6,0
3.9,12.0,73.6,1
3.6,22.0,69.7,1
0.9,24.0,76.1,1
2.7,7.0,81.7,0
5.6,25.0,63.8,1
2.0,14.0,45.7,1
4.7,13.0,61.4,0
9.5,14.0,49.3,0
3.7,10.0,76.1,1
0.6,13.0,26.8,0
2.7,17.0,65.1,0
7.1,20.0,53.1,1
7.5,15.0,80.3,0
3.5,10.0,83.2,1
5.4,18.0,49.2,0
2.1,20.0,68.3,1
5.3,19.0,47.4,1
1.6,11.0,25.3,0
5.4,14.0,72.7,0
7.6,16.0,88.9,1
2.9,12.0,73.7,0
1.8,8.0,73.6,0
8.9,17.0,51.4,1
3.8,17.0,55.9,0
0.5,11.0,62.3,0
8.0,22.0,75.2,1
2.7,15.0,64.5,0
1.8,9.0,57.7,0
2.2,12.0,54.4,0
1.4,13.0,97.0,0
10.5,23.0,77.9,1
4.8,11.0,74.0,0
8.1,16.0,79.0,1
6.0,18.0,78.5,1
2.9,19.0,56.8,1
3.6,18.0,48.7,1
1.6,12.0,72.2,0
2.5,11.0,85.1,0
6.1,14.0,48.7,1
1.3,14.0,55.0,1
0.9,9.0,46.1,0
4.6,12.0,51.9,1
1.9,6.0,46.6,0
4.8,13.0,75.9,1
2.2,9.0,53.5,0
4.1,11.0,81.5,1
2.6,7.0,65.8,0
1.9,18.0,58.5,1
1.5,7.0,87.7,0
4.6,12.0,43.3,0
1.3,7.0,47.0,0
2.8,7.0,66.4,0
7.8,17.0,36.2,0
5.1,15.0,42.8,0
6.2,14.0,75.7,1
0.5,10.0,73.2,0
5.3,10.0,66.2,0
14.4,26.0,73.8,1
4.5,10.0,44.6,0
4.0,14.0,59.0,0
2.5,15.0,94.8,1
3.6,14.0,52.3,0
10.2,24.0,71.2,1
1.7,9.0,87.5,0
3.6,15.0,73.0,0
3.9,11.0,67.7,0
3.0,10.0,81.3,0
0.5,11.0,53.2,0
9.1,15.0,42.6,1
13.1,18.0,78.2,1
2.8,9.0,67.8,0
4.8,15.0,96.3,0
2.1,12.0,60.4,0
4.4,13.0,56.9,0
1.0,12.0,76.4,0
2.5,20.0,76.0,1
3.3,14.0,68.8,0
4.3,10.0,50.0,0
2.5,14.0,63.9,0
3.5,7.0,51.6,0
0.7,13.0,55.5,0
2.0,9.0,41.9,1
1.0,11.0,38.3,0
0.5,10.0,42.7,0
7.3,18.0,78.0,0
3.4,9.0,81.5,0
0.5,9.0,63.6,0
4.4,11.0,63.5,0
1.0,12.0,70.1,0
0.5,8.0,50.2,0
0.7,10.0,82.5,0
3.4,11.0,67.7,0
0.9,11.0,68.1,1
11.5,32.0,59.9,1
3.2,14.0,69.5,1
0.5,9.0,90.0,0
6.2,14.0,75.9,1
0.7,8.0,61.3,0
6.6,12.0,64.5,0
2.3,11.0,52.6,0
0.6,11.0,67.3,1
5.6,19.0,71.3,1
1.6,18.0,58.4,0
3.0,16.0,67.4,1
2.2,11.0,78.7,0
2.9,13.0,87.7,0
2.2,19.0,62.3,1
5.8,11.0,57.5,0
2.6,13.0,79.1,0
4.4,13.0,90.8,0
5.6,17.0,64.2,0
2.7,11.0,65.1,0
4.8,21.0,49.6,1
10.6,16.0,52.1,1
4.0,15.0,75.6,0
6.2,12.0,58.1,1
4.9,14.0,50.9,1
12.1,16.0,48.3,0
12.2,29.0,58.3,1
2.6,16.0,54.9,0
5.2,10.0,65.5,0
3.4,8.0,64.9,0
3.3,13.0,81.8,0
7.9,19.0,37.2,0
2.2,14.0,62.8,1
6.0,9.0,35.3,0
7.4,9.0,47.1,1
10.8,18.0,60.4,1
2.8,19.0,62.7,0
1.4,15.0,74.3,0
2.5,10.0,90.3,1
3.7,14.0,57.5,1
4.6,13.0,70.4,0
1.5,7.0,62.9,0
1.3,15.0,71.3,1
1.3,12.0,100.0,0
2.2,9.0,50.5,0
6.0,15.0,57.7,0
3.3,10.0,81.7,1
2.5,16.0,45.3,0
0.7,13.0,89.9,0
4.4,10.0,80.2,0
2.6,12.0,70.9,0
4.1,6.0,83.2,1
2.3,15.0,77.9,0
0.7,17.0,56.1,0
4.1,11.0,53.1,0
2.9,16.0,59.8,0
1.9,14.0,80.4,1
3.5,13.0,45.1,0
2.6,11.0,54.3,0
3.4,10.0,100.0,1
2.3,10.0,61.8,0
5.5,12.0,85.1,1
2.0,12.0,64.5,0
0.8,16.0,46.9,0
4.2,19.0,91.7,1
6.5,15.0,60.4,0
3.8,8.0,70.9,0
1.5,16.0,67.9,1
3.5,17.0,54.1,1
2.0,15.0,68.8,0
9.4,19.0,82.8,1
5.0,16.0,59.4,1
1.5,12.0,56.9,0
4.1,13.0,41.0,1
4.9,13.0,65.7,0
5.2,13.0,66.0,0
9.4,20.0,71.0,0
3.7,12.0,67.2,0
5.4,16.0,70.2,0
5.3,19.0,91.0,1
6.5,19.0,70.9,1
10.3,16.0,46.3,1
4.9,17.0,68.1,0
5.5,19.0,83.2,1
5.1,19.0,80.3,0
3.3,15.0,77.9,1
2.1,14.0,99.6,1
7.7,10.0,56.5,0
4.4,12.0,70.8,0
3.4,15.0,42.2,1
3.2,9.0,73.3,0
5.7,17.0,69.0,1
7.1,21.0,53.8,1
2.8,13.0,49.1,0
4.7,9.0,78.1,0
1.4,16.0,76.1,0
7.6,15.0,72.1,1
3.8,15.0,65.6,0
6.6,15.0,56.8,1
2.5,11.0,51.4,0
0.5,8.0,67.3,0
6.2,13.0,62.3,1
5.5,13.0,77.8,0
3.2,10.0,59.4,1
0.9,6.0,49.5,0
4.7,11.0,65.5,1
0.6,7.0,61.6,0
7.6,17.0,97.9,1
10.3,17.0,60.3,1
2.2,10.0,75.8,1
2.5,9.0,62.3,0
2.6,9.0,58.7,0
5.5,16.0,85.0,1
3.0,12.0,65.2,1
1.5,11.0,35.4,0
6.1,14.0,65.6,1
0.8,8.0,70.3,0
3.8,21.0,71.0,0
6.4,14.0,22.3,0
4.5,14.0,67.5,0
1.5,9.0,51.1,0
0.5,10.0,50.2,0
1.9,19.0,66.8,0
4.2,11.0,51.9,0
0.7,8.0,73.2,0
5.3,12.0,67.2,1
1.5,11.0,60.7,1
13.1,19.0,73.2,1
2.2,10.0,43.3,0
9.0,15.0,71.5,1
1.4,9.0,95.5,1
2.3,16.0,55.7,0
0.7,6.0,86.4,0
9.2,18.0,47.6,1
2.3,11.0,63.6,0
1.9,9.0,78.2,1
6.3,19.0,70.2,1
8.1,18.0,78.1,0
4.5,12.0,60.0,0
2.0,9.0,72.8,1
1.5,11.0,50.1,0
6.8,11.0,64.7,0
6.7,20.0,100.0,1
5.1,13.0,63.1,0
1.2,12.0,69.6,1
2.7,13.0,55.9,0
0.8,11.0,83.1,0
4.6,16.0,63.6,0
1.2,9.0,69.8,0
0.9,9.0,40.1,0
1.1,16.0,52.3,1
1.9,12.0,54.0,0
5.3,15.0,87.0,1
9.4,21.0,48.1,1
4.0,15.0,47.5,0
1.0,7.0,75.0,0
2.6,17.0,70.3,1
2.4,10.0,37.6,0
4.9,13.0,66.4,0
9.5,23.0,57.4,1
6.6,13.0,100.0,1
2.9,16.0,49.3,0
7.3,18.0,79.4,0
10.2,21.0,49.4,0
5.1,10.0,60.5,0
5.8,16.0,83.1,1
8.3,20.0,60.4,0
8.4,25.0,81.7,1
5.2,17.0,72.7,1
8.4,17.0,74.0,0
7.8,16.0,58.1,1
1.7,6.0,58.1,0
3.1,7.0,69.3,0
4.0,13.0,50.9,1
0.7,10.0,49.0,0
3.1,14.0,66.4,1
4.5,13.0,56.0,1
2.6,9.0,76.3,1
13.7,19.0,48.8,1
5.0,14.0,28.5,0
2.6,10.0,43.2,1
1.7,9.0,62.6,1
4.1,13.0,56.2,1
3.8,8.0,72.2,0
1.4,8.0,60.5,1
4.1,16.0,62.4,0
6.3,18.0,79.7,1
0.9,12.0,39.6,0
2.5,12.0,74.6,0
6.0,11.0,66.6,0
1.3,12.0,59.6,0
2.9,16.0,61.9,1
1.6,10.0,68.4,0
3.7,12.0,65.6,0
2.7,13.0,66.5,0
4.7,10.0,77.8,1
4.6,16.0,69.4,1
6.2,15.0,72.4,1
3.6,19.0,72.2,1
1.4,10.0,61.2,0
0.6,10.0,19.7,0
3.5,12.0,53.4,0
3.0,6.0,77.2,1
1.9,12.0,92.0,1
1.9,13.0,72.6,0
5.5,10.0,81.2,1
1.4,14.0,51.5,0
3.7,16.0,46.6,1
9.8,17.0,71.4,1
10.7,19.0,44.1,1
1.5,7.0,63.6,1
8.0,20.0,59.6,0
3.9,14.0,84.2,1
2.9,11.0,59.7,1
4.8,22.0,57.8,0
0.7,14.0,65.8,0
2.3,18.0,45.9,0
2.5,13.0,68.0,1
2.2,13.0,69.1,1
5.2,12.0,58.0,0
3.4,16.0,77.8,0
1.3,12.0,72.2,0
10.1,17.0,63.8,1
8.4,18.0,48.6,1
1.0,12.0,39.2,0
0.5,12.0,53.3,0
3.7,14.0,65.9,1
0.8,11.0,30.7,0
2.7,11.0,68.1,0
4.4,14.0,63.8,1
4.4,20.0,56.8,0
6.8,16.0,64.1,1
2.0,12.0,45.4,0
5.3,16.0,70.5,0
3.6,14.0,74.4,1
5.6,15.0,73.1,1
4.0,14.0,62.8,0
2.0,8.0,41.7,0
3.3,13.0,83.9,0
4.1,11.0,61.1,0
9.3,18.0,94.0,1
5.2,19.0,70.3,0
2.6,13.0,52.4,0
1.7,12.0,67.5,0
2.8,14.0,73.1,0
1.5,11.0,45.1,0
2.2,15.0,63.7,0
4.7,19.0,89.2,1
3.2,15.0,52.7,0
8.2,17.0,72.1,1
4.4,15.0,46.6,1
3.5,12.0,60.5,1
1.2,13.0,59.8,0
6.5,16.0,66.3,1
1.6,9.0,62.3,1
0.6,4.0,84.6,0
0.9,8.0,77.2,0
0.9,17.0,94.6,1
8.9,19.0,62.5,1
3.6,8.0,46.1,1
0.5,11.0,47.2,0
0.5,7.0,72.1,0
2.2,9.0,54.2,0
7.8,19.0,79.6,0
3.7,10.0,74.0,1
9.2,14.0,51.0,0
1.1,13.0,74.0,0
1.1,5.0,72.8,0
2.1,17.0,77.2,1
3.6,8.0,53.3,1
7.3,20.0,57.9,0
1.6,7.0,83.4,0
8.0,19.0,85.2,1
0.9,10.0,86.4,1
0.9,8.0,62.6,0
5.1,15.0,70.9,1
5.8,15.0,61.2,1
1.5,7.0,60.9,0
1.4,4.0,40.9,0
1.3,12.0,57.4,0
4.1,16.0,54.6,0
1.8,14.0,75.1,0
1.9,15.0,66.0,0
4.2,18.0,92.9,1
3.3,6.0,69.9,0
2.1,13.0,70.2,0
1.3,10.0,79.1,0
5.0,14.0,66.2,1
5.9,15.0,87.1,1
1.0,10.0,81.7,0
10.8,16.0,76.3,1
7.7,11.0,77.1,1
3.6,13.0,86.8,0
2.1,9.0,65.5,0
1.9,17.0,63.9,0
3.6,11.0,70.3,0
1.9,10.0,58.9,1
6.0,11.0,52.3,0
5.1,15.0,49.2,0
2.2,11.0,54.3,0
2.8,10.0,67.3,1
3.6,15.0,74.1,0
0.7,6.0,68.5,0
4.9,21.0,83.1,1
5.5,10.0,70.5,0
1.2,10.0,56.8,0
1.6,9.0,63.8,0
2.8,9.0,66.6,0
4.3,17.0,75.3,1
0.5,6.0,54.9,0
1.1,11.0,81.0,0
3.4,12.0,32.6,0
1.7,12.0,76.6,1
3.2,15.0,72.5,0
3.9,15.0,53.7,0
3.2,11.0,71.2,0
3.1,13.0,100.0,1
2.3,14.0,92.8,0
3.1,15.0,36.7,0
13.4,19.0,45.1,1
0.8,7.0,84.1,0
2.2,15.0,52.5,1
2.8,18.0,80.4,0
7.4,13.0,53.8,1
5.4,13.0,80.0,1
8.5,14.0,47.6,1
0.9,9.0,49.1,0
3.5,11.0,49.9,1
0.9,15.0,58.4,0
9.3,17.0,63.2,1
5.3,14.0,79.0,1
6.5,16.0,67.0,1
4.9,14.0,38.3,0
4.0,16.0,81.0,0
5.5,14.0,69.9,0
9.6,15.0,80.1,0
7.3,14.0,51.8,0
2.7,12.0,75.0,0
2.7,8.0,80.0,0
6.5,14.0,65.6,1
3.6,15.0,84.4,0
1.5,11.0,39.2,0
1.1,10.0,45.7,0
9.5,18.0,50.8,0
5.4,10.0,61.1,0
5.5,16.0,50.6,0
7.8,16.0,56.0,0
2.7,14.0,59.0,0
1.2,6.0,83.8,0
6.7,11.0,62.3,0
4.2,14.0,73.2,1
2.0,12.0,86.1,0
3.9,17.0,55.5,0
6.3,17.0,73.9,0
3.6,11.0,61.5,0
4.1,13.0,72.4,1
3.5,11.0,66.3,0
5.3,12.0,82.7,0
2.0,8.0,88.7,0
9.0,14.0,62.9,1
3.1,12.0,70.3,0
3.1,10.0,92.3,1
4.0,10.0,50.1,0
4.5,13.0,48.7,0
4.6,16.0,100.0,1
5.1,12.0,75.1,0
2.1,15.0,52.4,0
0.8,10.0,50.2,0
9.9,21.0,76.4,1
6.2,14.0,80.1,0
7.3,14.0,38.4,1
5.1,21.0,74.4,1
5.5,12.0,63.5,0
1.0,11.0,50.9,0
1.6,7.0,79.9,0
4.5,13.0,48.4,0
2.0,13.0,74.7,0
1.1,8.0,70.2,0
6.8,15.0,44.2,0
5.8,14.0,71.1,1
3.7,12.0,52.1,1
1.2,12.0,35.2,0
1.4,13.0,76.0,0
0.9,11.0,86.3,0
7.8,16.0,88.0,1
2.3,16.0,58.7,0
6.3,17.0,58.7,0
2.0,15.0,80.7,1
4.6,13.0,99.2,1
0.8,12.0,91.7,1
4.0,8.0,57.9,0
8.2,17.0,49.4,0
2.1,8.0,63.5,0
4.5,12.0,65.6,1
0.5,8.0,65.3,0
1.7,8.0,76.8,1
1.4,11.0,49.6,0
7.7,21.0,47.5,0
1.3,8.0,78.7,0
11.8,22.0,47.6,1
0.5,8.0,65.1,0
1.1,14.0,76.5,1
9.6,18.0,75.7,1
2.3,11.0,68.6,0
3.0,11.0,45.2,0
5.2,14.0,43.9,0
4.2,14.0,59.6,0
3.7,11.0,59.4,1
6.0,10.0,60.0,0
0.7,20.0,88.1,1
1.8,8.0,65.1,1
1.8,11.0,72.1,1
1.7,12.0,89.8,0
0.9,9.0,42.8,0
5.5,13.0,48.4,0
4.1,13.0,78.2,1
5.4,16.0,63.1,1
1.8,12.0,81.4,0
6.9,21.0,67.3,1
1.7,16.0,91.2,1
9.8,17.0,38.8,1
4.1,11.0,69.5,1
3.2,16.0,86.6,0
5.9,14.0,64.1,0
10.4,14.0,66.7,1
5.2,15.0,63.6,1
6.2,18.0,59.2,1
0.5,8.0,50.8,0
3.0,13.0,53.5,1
3.2,16.0,58.5,0
4.5,18.0,44.7,1
1.6,10.0,56.6,1
7.8,18.0,83.2,0
2.4,13.0,78.2,1
5.7,14.0,65.3,1
2.4,12.0,70.8,0
2.4,13.0,48.0,0
3.5,12.0,58.3,0
6.5,19.0,49.9,0
10.4,14.0,98.3,1
2.0,11.0,81.9,1
1.1,7.0,41.7,0
0.5,15.0,41.6,0
2.2,12.0,53.6,0
3.8,12.0,90.0,1
3.0,10.0,60.8,1
2.8,10.0,69.3,0
5.5,6.0,66.2,0
3.3,11.0,65.3,0
2.4,13.0,42.2,0
8.0,16.0,65.1,1
6.8,12.0,75.7,1
5.6,13.0,83.7,1
3.3,10.0,44.0,0
1.9,14.0,69.2,0
1.1,10.0,83.1,0
5.7,12.0,65.4,1
10.4,16.0,62.7,1
1.6,12.0,48.5,0
5.2,13.0,62.1,0
0.9,13.0,61.2,0
4.2,10.0,77.1,1
3.8,18.0,48.0,0
7.3,23.0,79.3,1
3.9,11.0,83.7,0
0.8,12.0,54.6,0
1.7,9.0,66.5,0
2.0,10.0,81.2,1
3.7,13.0,55.4,0
2.9,9.0,52.4,0
2.6,13.0,62.2,0
3.4,10.0,42.2,0
3.4,15.0,53.7,1
2.6,14.0,76.8,1
0.7,12.0,36.0,0
2.9,12.0,58.3,0
7.8,16.0,59.0,0
1.8,5.0,66.3,0
2.3,18.0,60.2,0
6.0,13.0,100.0,1
2.5,9.0,45.2,0
3.4,9.0,45.5,1
0.9,4.0,37.6,0
2.2,11.0,56.9,0
3.4,13.0,61.0,1
3.2,7.0,52.5,0
4.6,11.0,68.0,1
4.6,14.0,54.9,1
3.3,12.0,61.7,1
2.7,9.0,75.8,1
1.9,8.0,42.9,0
7.2,15.0,74.0,1
11.3,15.0,61.6,1
4.2,10.0,64.3,0
5.4,14.0,56.6,0
5.4,20.0,70.8,0
8.9,18.0,66.3,1
4.1,12.0,79.9,0
1.4,22.0,67.5,0
3.6,11.0,44.8,0
3.7,16.0,63.5,0
5.0,15.0,72.5,1
0.5,10.0,68.1,0
2.6,9.0,54.3,0
5.6,12.0,64.2,1
1.3,15.0,72.6,0
1.5,7.0,89.6,0
3.4,12.0,63.7,0
2.4,9.0,61.3,1
6.6,14.0,59.6,0
3.6,9.0,46.1,0
2.8,11.0,54.4,0
7.4,19.0,60.4,1
2.2,8.0,60.5,0
3.1,15.0,48.6,0
5.3,14.0,64.7,1
6.5,17.0,66.8,0
6.6,12.0,66.6,1
2.1,13.0,72.5,0
1.0,10.0,39.6,1
4.9,19.0,53.5,1
9.6,22.0,84.2,1
7.2,16.0,86.8,1
2.2,16.0,72.8,0
1.2,7.0,44.9,0
2.9,11.0,86.5,1
0.5,9.0,61.3,0
7.6,11.0,78.5,0
5.7,14.0,50.9,0
1.9,8.0,55.2,1
0.8,8.0,84.4,0
5.9,12.0,85.9,0
1.8,13.0,57.7,0
6.9,16.0,46.9,1
2.6,11.0,30.5,0
2.2,13.0,89.8,1
4.9,13.0,58.6,0
1.7,14.0,82.4,0
3.0,11.0,44.3,0
4.3,15.0,92.7,1
2.5,11.0,54.6,1
1.6,7.0,62.9,0
7.2,19.0,51.5,0
3.3,19.0,32.8,0
3.9,10.0,94.5,1
1.8,12.0,64.4,0
1.2,13.0,71.0,0
4.5,20.0,71.9,1
2.0,8.0,65.9,1
4.9,12.0,83.2,1
4.8,17.0,73.6,1
3.0,19.0,74.6,0
3.4,14.0,45.7,0
1.9,13.0,62.6,0
1.0,13.0,46.7,0
2.6,9.0,69.7,0
3.0,9.0,85.3,0
0.7,11.0,62.9,0
1.6,6.0,74.0,0
1.2,8.0,63.8,1
6.4,13.0,80.7,0
2.4,8.0,86.6,0
8.7,16.0,55.7,0
1.4,16.0,38.5,0
6.6,15.0,51.3,0
6.0,13.0,48.3,0
2.6,9.0,56.0,1
2.4,11.0,77.2,1
2.3,10.0,80.5,0
4.3,11.0,65.9,1
1.9,13.0,86.6,1
12.4,21.0,78.4,1
3.3,11.0,72.6,1
1.2,7.0,69.8,0
9.5,16.0,43.8,1
8.3,19.0,48.1,1
9.1,21.0,75.4,1
2.9,11.0,40.9,1
7.0,16.0,62.3,1
3.7,20.0,61.7,0
2.9,10.0,60.8,0
1.5,20.0,57.9,1
4.5,14.0,92.0,1
2.7,16.0,61.9,0
1.6,7.0,71.6,1
4.4,9.0,75.0,1
3.4,17.0,66.8,1
1.0,6.0,18.2,0
2.2,14.0,59.5,0
7.5,12.0,100.0,0
1.6,12.0,76.9,1
10.2,13.0,77.9,1
3.4,9.0,83.5,1
0.8,11.0,65.8,0
6.9,14.0,83.1,0
3.2,13.0,74.7,0
3.2,13.0,65.4,1
9.3,12.0,73.9,0
5.1,14.0,69.1,0
4.9,14.0,77.7,0
6.2,13.0,66.0,0
15.0,21.0,68.9,1
5.3,14.0,78.5,1
2.1,10.0,68.4,0
6.9,19.0,41.3,1
2.8,17.0,72.5,0
4.5,9.0,71.7,1
6.6,15.0,65.0,1
3.8,12.0,54.8,0
6.0,20.0,72.7,1
6.2,11.0,94.7,1
4.5,10.0,62.8,0
7.2,16.0,68.7,1
2.2,16.0,79.8,1
1.5,15.0,41.2,0
6.6,22.0,64.6,0
8.5,16.0,84.3,1
2.7,12.0,45.9,0
1.8,14.0,81.1,0
3.7,17.0,47.9,0
5.0,14.0,55.8,1
4.1,13.0,45.5,0
3.2,17.0,60.7,0
7.2,14.0,69.4,1
5.5,16.0,56.8,0
2.7,15.0,97.5,1
7.7,15.0,68.7,1
3.5,10.0,85.5,0
7.2,16.0,71.7,0
3.9,16.0,73.1,0
2.1,11.0,99.7,1
9.3,16.0,50.8,1
1.4,5.0,85.9,1
6.8,13.0,51.5,0
7.0,10.0,60.1,0
3.1,13.0,52.3,0
1.3,14.0,77.4,0
0.5,10.0,80.4,0
7.3,20.0,40.6,0
2.3,17.0,59.0,0
2.0,11.0,55.8,0
14.8,21.0,53.9,1
6.4,15.0,55.7,1
1.7,7.0,38.8,1
2.0,14.0,67.1,0
3.5,13.0,27.6,0
2.9,14.0,37.3,0
0.5,11.0,65.3,1
1.9,13.0,62.2,0
1.7,15.0,41.4,0
0.8,12.0,55.5,0
14.0,23.0,58.0,0
2.9,9.0,74.7,0
3.1,10.0,77.4,0
5.0,13.0,65.6,0
4.3,12.0,72.7,1
2.1,15.0,59.3,0
1.6,11.0,39.5,0
3.5,20.0,68.1,0
1.3,10.0,59.3,0
3.8,12.0,59.2,0
4.3,12.0,53.0,0
2.3,12.0,63.2,0
2.9,10.0,50.3,1
4.7,20.0,65.9,1
1.3,5.0,69.8,1
5.1,14.0,54.4,1
3.1,13.0,74.5,0
3.5,8.0,63.8,1
11.7,23.0,66.2,1
3.4,13.0,72.6,1
1.9,7.0,90.9,1
5.3,15.0,64.4,0
0.8,11.0,34.3,0
4.2,15.0,54.0,0
7.3,16.0,72.9,1
2.6,14.0,60.8,0
2.9,11.0,69.9,1
6.4,11.0,78.2,0
3.2,17.0,44.5,0
4.6,14.0,62.8,0
2.3,8.0,49.5,0
5.1,17.0,74.6,0
6.9,17.0,73.4,1
1.9,9.0,43.2,0
3.7,15.0,29.4,0
4.3,12.0,34.5,0
3.2,14.0,76.2,1
4.8,17.0,79.7,1
1.5,5.0,73.8,0
5.7,13.0,67.3,0
2.9,16.0,82.9,0
0.9,16.0,73.7,0
4.4,12.0,54.9,0
1.0,14.0,59.8,1
5.0,19.0,77.6,0
3.5,13.0,69.0,0
3.9,13.0,53.1,1
7.8,17.0,52.4,1
3.2,15.0,68.1,0
3.8,12.0,81.3,0
1.4,6.0,89.3,1
0.7,8.0,52.1,0
1.4,15.0,100.0,1
3.5,11.0,92.5,0
4.0,11.0,41.3,0
3.1,15.0,54.0,0
4.3,11.0,58.4,1
3.6,12.0,62.3,0
2.5,15.0,76.2,1
3.5,14.0,40.7,0
10.1,20.0,85.3,1
4.7,16.0,56.8,0
6.2,12.0,80.8,0
7.8,16.0,63.6,1
1.7,12.0,98.9,1
2.8,9.0,52.8,0
2.3,9.0,84.2,0
3.5,19.0,73.6,0
10.4,20.0,84.7,1
0.5,10.0,82.8,0
3.8,17.0,78.2,1
7.6,15.0,79.5,1
4.7,14.0,62.0,0
4.5,10.0,67.3,1
0.7,13.0,52.9,0
6.5,15.0,77.7,1
3.8,15.0,39.1,0
6.6,19.0,62.3,1
6.1,12.0,58.5,1
3.7,20.0,68.5,0
2.9,10.0,81.4,1
2.4,7.0,73.8,0
1.4,10.0,93.8,0
8.2,18.0,60.0,0
4.1,10.0,62.6,0
6.1,11.0,72.2,1
6.3,14.0,60.4,0
3.4,9.0,42.0,0
3.7,13.0,75.8,1
4.7,20.0,75.3,0
2.1,16.0,82.7,0
3.7,12.0,56.1,0
6.0,17.0,54.1,0
2.1,5.0,63.3,0
2.0,13.0,58.4,0
3.1,7.0,74.7,0
1.3,12.0,63.6,0
4.6,11.0,61.8,1
5.5,12.0,75.2,0
3.5,13.0,82.4,0
3.4,19.0,46.7,1
2.6,13.0,64.9,0
2.5,21.0,49.6,0
1.0,12.0,51.9,1
5.1,11.0,43.6,0
0.5,6.0,38.2,0
1.1,8.0,48.7,0
3.8,15.0,96.8,1
3.5,14.0,53.3,0
5.2,16.0,80.3,0
4.5,17.0,72.4,0
3.7,10.0,55.4,0
5.1,15.0,57.2,0
3.9,12.0,82.2,0
6.5,14.0,52.1,1
6.1,11.0,56.9,1
5.3,13.0,64.9,0
2.7,8.0,85.3,1
7.4,16.0,38.7,0
3.9,20.0,72.5,1
2.5,8.0,79.7,0
3.3,6.0,70.4,1
12.3,19.0,52.5,0
3.6,12.0,52.4,0
2.4,16.0,67.4,0
4.0,20.0,70.0,0
1.4,6.0,53.0,0
1.8,14.0,75.2,0
4.2,14.0,64.0,1
5.7,24.0,60.5,0
4.7,10.0,28.9,0
1.2,11.0,45.8,0
6.6,14.0,61.0,1
4.3,16.0,85.6,0
2.3,10.0,57.0,1
2.3,13.0,69.9,0
3.2,9.0,65.2,0
11.5,23.0,73.9,0
8.5,17.0,62.1,1
2.2,8.0,77.2,0
0.9,13.0,51.1,0
4.6,10.0,46.8,0
5.7,26.0,41.3,1
2.4,6.0,62.0,0
1.3,9.0,70.9,0
1.2,7.0,65.9,1
3.5,10.0,44.6,0
2.5,10.0,54.2,0
1.5,14.0,53.1,0
2.7,11.0,61.5,1
2.7,8.0,51.0,0
1.7,12.0,45.4,0
3.8,11.0,61.5,1
3.3,17.0,62.6,0
9.3,18.0,51.4,1
3.1,15.0,40.0,0
3.9,10.0,67.0,0
2.5,19.0,64.1,0
1.1,7.0,58.1,0
5.0,8.0,64.2,1
1.8,10.0,72.6,0
2.0,8.0,66.3,0
5.0,10.0,71.8,0
3.9,5.0,78.6,1
2.6,13.0,69.6,1
3.2,8.0,11.3,0
0.5,10.0,59.6,1
1.5,12.0,65.5,0
2.1,13.0,80.8,0
4.0,15.0,74.8,0
0.9,6.0,85.6,0
5.6,10.0,87.3,0
4.3,15.0,56.0,1
1.0,10.0,40.4,0
7.9,19.0,62.8,1
2.4,10.0,51.4,0
3.0,10.0,48.4,0
3.9,15.0,84.3,1
0.7,13.0,97.7,1
6.6,16.0,46.5,1
6.7,16.0,66.4,1
2.6,10.0,61.5,1
2.2,10.0,81.4,1
5.4,10.0,75.6,1
5.9,12.0,56.5,0
0.6,20.0,78.3,0
6.1,12.0,71.0,0
1.9,8.0,81.6,0
4.9,11.0,67.9,1
4.3,18.0,48.2,0
3.6,14.0,66.6,0
3.5,13.0,77.8,1
3.8,10.0,40.0,1
7.7,15.0,50.8,0
1.1,11.0,71.6,0
0.5,10.0,67.4,0
3.6,12.0,53.2,1
3.7,17.0,87.5,1
1.7,10.0,67.7,0
2.0,13.0,45.3,0
1.6,9.0,52.3,0
0.5,14.0,64.6,0
2.6,14.0,44.3,0
4.0,16.0,62.0,0
6.9,21.0,60.6,1
3.4,13.0,80.2,1
1.3,14.0,66.1,0
7.4,16.0,94.2,1
2.4,13.0,64.2,0
4.5,13.0,50.8,1
1.9,12.0,90.0,1
5.7,13.0,50.3,0
0.5,8.0,61.3,0
1.5,10.0,60.1,0
7.7,16.0,63.3,1
2.8,13.0,88.6,0
0.8,12.0,69.5,1
3.4,14.0,47.0,0
4.2,22.0,58.9,0
5.2,15.0,80.6,1
3.0,16.0,100.0,1
3.3,18.0,44.6,0
3.4,11.0,41.3,0
2.2,9.0,80.4,0
2.1,12.0,46.8,1
1.8,15.0,76.5,0
9.5,15.0,65.3,1
1.9,12.0,69.7,0
2.5,11.0,72.4,0
5.5,11.0,79.7,1
1.6,11.0,62.3,0
2.7,12.0,93.4,1
7.5,20.0,85.8,1
1.4,12.0,92.9,1
1.4,5.0,92.0,0
2.8,14.0,54.5,0
8.6,20.0,42.2,1
3.7,15.0,61.4,1
7.5,13.0,57.7,0
5.1,18.0,85.3,0
2.5,11.0,78.6,1
5.5,14.0,78.4,1
3.3,17.0,29.5,0
4.6,12.0,57.0,0
1.3,10.0,37.1,0
2.9,9.0,83.1,1
2.8,13.0,89.2,0
3.8,14.0,83.5,1
5.2,12.0,70.1,0
1.6,8.0,65.9,1
1.8,5.0,72.9,0
3.7,13.0,87.6,1
6.0,19.0,69.1,0
5.3,7.0,85.1,1
2.2,16.0,55.7,0
4.6,10.0,66.0,1
3.6,14.0,58.7,0
5.5,10.0,71.1,0
2.5,12.0,51.5,0
2.0,9.0,64.5,0
1.3,16.0,66.9,0
2.2,11.0,67.4,1
2.3,7.0,59.3,0
4.9,13.0,56.0,0
2.5,12.0,75.3,0
2.2,9.0,52.6,0
9.5,22.0,67.1,1
2.7,11.0,62.0,0
5.4,14.0,69.3,0
3.5,10.0,34.7,0
3.9,14.0,54.8,1
1.6,10.0,77.2,0
7.4,21.0,64.6,0
8.1,21.0,94.6,1
6.7,19.0,77.4,1
1.1,7.0,76.0,1
0.6,12.0,72.4,1
11.6,14.0,71.1,0
6.4,12.0,68.9,1
5.5,11.0,55.5,0
5.2,16.0,58.6,1
6.8,10.0,73.3,1
8.0,15.0,64.8,1
4.9,13.0,55.0,0
6.7,16.0,92.4,1
1.0,8.0,96.6,1
7.2,21.0,45.6,0
3.0,10.0,30.9,0
3.8,15.0,47.1,0
5.7,16.0,59.5,1
2.6,9.0,34.8,0
2.5,13.0,69.6,0
3.1,14.0,74.7,0
0.9,12.0,64.8,0
4.6,8.0,53.9,1
3.5,11.0,71.9,0
0.5,15.0,89.5,0
5.2,15.0,70.8,0
3.8,9.0,71.6,0
1.8,14.0,57.1,0
11.9,21.0,60.7,1
15.0,21.0,79.4,1
10.2,19.0,74.8,1
1.5,7.0,77.1,0
6.2,12.0,51.5,0
0.8,14.0,53.9,0
9.1,20.0,56.0,0
4.4,10.0,59.0,0
4.1,18.0,60.3,0
4.8,14.0,63.2,0
0.9,14.0,88.7,0
2.9,13.0,78.5,1
4.4,19.0,91.8,1
4.9,15.0,57.1,0
1.1,13.0,57.0,0
2.1,9.0,80.8,0
1.6,8.0,65.8,1
1.6,14.0,70.5,0
2.6,16.0,69.1,0
4.9,10.0,64.7,1
3.6,12.0,59.5,0
3.1,8.0,34.3,0
3.7,16.0,57.4,0
1.7,10.0,68.4,0
1.3,10.0,61.8,1
3.2,11.0,66.8,0
0.9,11.0,71.7,0
1.3,5.0,56.2,1
4.0,18.0,56.8,0
0.6,10.0,51.0,0
11.7,25.0,70.4,1
0.7,9.0,77.7,0
2.2,12.0,71.8,0
1.8,13.0,57.2,0
3.9,11.0,74.9,0
2.5,9.0,62.3,1
4.9,11.0,53.7,1
6.0,16.0,73.3,0
5.6,17.0,70.5,1
5.4,12.0,66.9,0
0.8,11.0,44.7,0
5.3,17.0,65.2,0
2.4,10.0,68.2,0
4.9,14.0,81.9,1
3.9,13.0,71.0,0
3.4,15.0,92.8,0
0.5,11.0,76.2,0
3.9,14.0,84.8,1
12.9,20.0,87.2,1
3.1,12.0,54.8,0
0.9,19.0,31.4,0
1.6,8.0,91.3,1
3.0,12.0,46.6,0
1.9,7.0,71.7,0
2.7,13.0,75.6,1
6.0,9.0,62.7,0
0.6,11.0,65.4,0
1.9,7.0,44.0,0
3.8,17.0,92.3,1
2.2,13.0,57.2,0
3.4,10.0,37.3,0
1.7,13.0,99.5,1
14.1,21.0,65.1,1
12.1,19.0,50.2,1
8.5,18.0,55.7,0
4.0,19.0,57.8,0
4.6,14.0,57.0,0
2.6,11.0,81.5,0
4.0,14.0,35.7,0
1.8,10.0,52.3,0
1.2,9.0,67.5,0
2.1,9.0,62.0,0
4.2,15.0,64.9,0
12.9,25.0,81.6,1
2.8,15.0,68.4,0
5.4,17.0,61.2,0
15.0,19.0,54.0,1
2.7,9.0,79.8,1
2.6,19.0,62.0,1
3.2,13.0,65.1,0
3.0,13.0,66.5,1
4.9,14.0,73.0,1
3.8,13.0,51.5,0
3.8,12.0,68.9,0
3.9,10.0,80.9,1
3.8,11.0,68.0,1
0.6,14.0,70.1,0
6.1,17.0,75.5,1
2.0,12.0,76.0,0
2.2,8.0,95.8,0
5.6,18.0,75.9,0
3.3,16.0,71.6,1
3.0,10.0,59.7,1
1.5,8.0,64.0,1
7.0,15.0,76.2,1
1.0,12.0,92.8,0
5.5,14.0,64.8,1
4.0,13.0,82.2,1
0.5,12.0,70.1,0
5.5,16.0,56.5,0
3.2,11.0,43.2,0
3.8,7.0,78.9,1
2.5,10.0,42.3,0
5.5,18.0,82.5,0
2.8,12.0,90.2,0
7.3,18.0,62.6,0
3.8,14.0,65.1,0
1.4,7.0,78.1,0
9.2,21.0,53.4,1
3.1,14.0,57.4,1
5.6,16.0,83.6,1
1.6,13.0,70.5,0
4.5,12.0,47.7,0
1.8,12.0,51.3,0
2.0,12.0,51.8,1
4.2,13.0,67.3,0
1.6,13.0,70.8,0
6.0,15.0,61.9,0
3.4,12.0,74.6,0
4.8,18.0,71.4,1
3.3,17.0,54.5,0
1.4,13.0,70.6,0
1.3,14.0,70.1,1
9.4,21.0,46.8,0
4.6,15.0,62.5,0
3.4,11.0,76.6,0
3.3,14.0,63.3,0
4.7,10.0,55.7,0
1.4,9.0,58.7,0
0.5,8.0,37.4,0
9.2,15.0,56.1,1
7.9,19.0,56.7,1
6.5,16.0,54.0,0
3.2,15.0,48.0,0
4.7,15.0,88.1,0
2.2,16.0,61.8,0
2.4,8.0,78.0,0
2.2,14.0,60.9,1
3.4,12.0,69.2,0
4.3,11.0,47.3,0
2.9,12.0,78.1,1
3.9,17.0,75.9,1
1.8,13.0,67.7,0
0.5,3.0,59.4,0
7.6,11.0,78.0,0
2.1,9.0,49.9,1
1.5,13.0,81.6,0
2.5,10.0,54.1,0
1.5,6.0,98.6,0
15.0,23.0,98.6,1
11.7,21.0,61.8,1
6.8,12.0,49.9,1
1.1,6.0,79.6,1
0.9,13.0,43.8,0
5.2,17.0,43.8,0
4.4,13.0,58.6,0
1.1,15.0,60.1,1
4.5,12.0,59.5,0
5.7,20.0,62.3,1
6.7,15.0,59.3,1
6.1,17.0,87.2,1
3.4,11.0,37.5,0
4.0,15.0,94.2,0
2.6,6.0,78.2,1
0.8,12.0,64.9,0
2.9,16.0,65.3,0
0.9,13.0,48.0,0
3.8,13.0,76.9,0
3.2,16.0,64.0,0
0.5,13.0,79.2,0
6.4,19.0,52.1,1
0.5,9.0,71.5,0
2.6,15.0,75.6,1
2.5,13.0,81.7,0
2.4,12.0,59.5,0
2.9,6.0,79.1,1
4.4,13.0,78.0,0
1.5,18.0,72.3,0
1.2,15.0,59.7,1
3.8,17.0,91.9,0
2.4,14.0,65.2,0
2.7,13.0,37.7,0
1.1,13.0,77.5,0
11.4,20.0,56.6,1
4.1,16.0,88.8,1
3.4,16.0,84.4,1
2.4,16.0,73.6,1
7.6,23.0,53.1,1
5.8,13.0,53.3,1
2.2,13.0,50.7,0
4.2,11.0,55.8,0
5.9,23.0,60.7,1
2.9,12.0,65.4,0
1.2,8.0,51.9,0
3.7,12.0,74.0,0
4.8,13.0,46.9,0
2.8,8.0,52.7,0
1.7,10.0,94.6,1
8.8,18.0,47.6,1
3.7,9.0,64.9,0
4.6,18.0,65.2,1
3.7,17.0,53.1,1
9.9,19.0,89.0,0
2.5,10.0,44.7,0
1.8,6.0,45.5,0
0.7,15.0,42.5,0
2.2,12.0,66.5,0
3.1,14.0,54.4,0
3.6,12.0,71.8,1
3.8,16.0,58.5,1
1.4,8.0,61.8,0
4.4,12.0,46.9,0
3.9,13.0,73.6,0
13.5,22.0,85.9,1
7.3,18.0,91.1,1
1.7,8.0,63.4,1
1.8,15.0,48.8,0
3.0,9.0,51.3,0
1.5,12.0,41.9,0
7.0,20.0,69.9,0
3.9,17.0,77.2,0
2.4,16.0,53.3,1
5.7,13.0,50.2,1
1.1,12.0,65.9,0
1.5,12.0,56.8,0
4.6,12.0,71.4,1
1.1,11.0,63.0,1
3.2,14.0,91.0,0
6.5,17.0,64.3,1
4.3,12.0,50.8,0
6.3,17.0,63.0,1
5.3,15.0,23.8,0
1.2,10.0,63.4,0
1.6,10.0,42.7,0
1.5,10.0,70.3,1
1.6,5.0,82.2,0
3.5,13.0,62.2,0
2.4,9.0,70.0,0
2.5,14.0,48.8,0
2.2,10.0,48.9,0
2.8,16.0,58.2,0
3.9,10.0,81.6,1
2.9,16.0,69.6,0
8.0,13.0,61.4,1
6.8,14.0,65.4,1
1.5,9.0,53.8,0
2.8,20.0,40.1,0
1.1,11.0,61.4,0
5.2,19.0,79.2,1
4.3,16.0,65.2,1
1.1,14.0,81.0,0
7.2,20.0,63.0,1
3.9,15.0,47.0,0
2.0,10.0,72.6,1
2.2,19.0,66.7,0
3.4,20.0,52.4,1
0.7,15.0,42.4,0
7.0,14.0,84.6,1
4.5,11.0,36.2,0
1.7,12.0,62.9,0
1.8,8.0,80.8,1
6.4,16.0,85.5,0
4.7,10.0,71.8,0
2.7,10.0,72.3,0
6.1,16.0,58.7,0
1.2,10.0,61.4,0
3.1,11.0,92.2,1
1.6,11.0,62.6,1
5.6,13.0,67.7,0
1.9,16.0,73.7,0
3.9,18.0,50.5,1
1.3,12.0,76.5,1
3.4,11.0,72.7,0
1.1,12.0,74.9,0
1.2,11.0,56.7,0
3.6,9.0,43.3,1
3.6,18.0,49.2,1
2.7,9.0,68.6,0
5.1,14.0,86.6,1
3.6,13.0,67.4,0
4.7,14.0,65.0,0
2.2,10.0,53.4,0
1.6,10.0,57.2,0
1.0,16.0,64.0,0
4.1,9.0,58.7,0
0.7,14.0,45.1,0
2.3,14.0,88.9,1
3.8,8.0,77.0,0
4.4,16.0,74.1,0
2.4,13.0,87.0,1
4.5,9.0,67.4,0
6.6,15.0,74.2,1
3.0,10.0,59.4,0
13.0,22.0,53.9,1
3.3,12.0,79.5,0
6.5,20.0,45.0,0
3.2,11.0,60.0,0
6.7,16.0,44.9,1
2.4,10.0,70.1,0
2.4,13.0,92.9,0
7.4,19.0,55.5,0
3.8,9.0,57.7,0
3.8,15.0,80.6,1
5.0,8.0,53.3,0
1.8,13.0,54.4,0
1.8,10.0,45.1,0
1.5,16.0,65.9,0
1.8,15.0,79.8,1
3.8,14.0,85.7,0
10.4,21.0,41.3,1
4.6,14.0,46.4,0
3.2,15.0,53.8,0
3.3,14.0,93.7,1
4.8,13.0,53.7,0
3.6,11.0,60.3,0
5.0,11.0,53.1,0
7.2,13.0,76.1,0
2.4,11.0,70.8,0
3.3,15.0,82.8,0
8.3,17.0,70.1,1
1.5,5.0,66.0,0
1.9,14.0,87.2,0
5.1,12.0,30.4,0
5.3,12.0,72.7,1
2.4,11.0,57.2,0
4.5,12.0,92.7,1
3.4,13.0,64.6,0
4.4,12.0,80.1,1
6.6,17.0,64.8,1
2.3,13.0,58.1,0
1.9,13.0,50.0,0
6.8,8.0,75.5,1
7.9,9.0,76.6,1
0.6,10.0,45.6,0
0.5,12.0,50.3,0
4.2,13.0,37.7,0
5.6,12.0,71.3,1
3.0,9.0,68.2,0
1.1,8.0,63.8,1
4.3,10.0,72.7,1
2.2,10.0,47.1,0
0.8,8.0,59.6,0
5.8,14.0,52.6,0
3.0,16.0,65.3,0
1.6,10.0,61.7,0
3.8,13.0,69.9,0
3.0,10.0,71.1,0
1.1,9.0,59.4,0
1.7,11.0,87.8,0
1.8,8.0,57.9,0
2.3,12.0,69.2,0
4.8,13.0,67.3,1
1.0,16.0,79.2,0
1.6,11.0,44.7,0
8.1,16.0,71.4,1
2.4,10.0,66.1,1
2.6,13.0,53.0,1
6.9,21.0,72.5,1
2.8,9.0,53.0,1
5.8,21.0,96.8,1
1.8,10.0,55.2,0
4.7,15.0,94.3,0
6.4,8.0,100.0,0
1.2,7.0,71.5,1
4.5,14.0,66.0,1
6.8,14.0,65.7,1
6.8,10.0,36.9,0
2.3,13.0,45.9,0
2.4,15.0,50.4,1
2.1,16.0,59.3,1
0.6,9.0,73.6,0
2.2,8.0,74.3,1
5.0,10.0,41.7,0
2.7,10.0,77.4,1
2.3,10.0,66.6,0
2.8,9.0,75.5,1
6.3,17.0,53.6,0
6.8,16.0,86.6,0
6.0,18.0,60.9,0
0.5,10.0,73.7,0
5.1,16.0,59.0,0
4.1,13.0,80.4,0
0.8,11.0,40.4,0
5.2,16.0,63.9,0
1.6,10.0,80.5,0
3.3,12.0,64.6,0
5.1,16.0,56.7,0
8.1,14.0,60.2,1
1.2,11.0,59.4,1
2.0,9.0,57.3,0
7.4,16.0,62.8,1
3.8,11.0,75.5,0
4.1,8.0,58.1,1
4.9,12.0,87.0,1
2.2,12.0,73.9,0
1.6,11.0,76.4,1
5.4,12.0,59.2,0
11.9,18.0,74.5,1
1.2,11.0,71.8,0
2.9,19.0,45.2,1
4.0,14.0,67.6,1
6.9,15.0,60.4,1
5.1,10.0,66.1,0
2.3,8.0,94.6,0
10.6,17.0,50.9,1
1.9,12.0,82.2,0
4.0,16.0,78.8,1
2.4,7.0,64.4,1
8.1,15.0,75.8,1
0.5,6.0,100.0,1
1.4,12.0,56.4,1
2.1,14.0,58.6,0
5.5,15.0,82.2,0
4.6,14.0,68.8,1
3.6,10.0,57.6,0
11.4,15.0,88.8,1
5.2,15.0,49.1,0
0.5,7.0,65.7,1
6.2,12.0,48.0,1
1.2,9.0,81.6,1
1.5,10.0,76.7,0
5.6,12.0,88.4,1
5.4,16.0,74.0,0
3.9,15.0,53.6,0
7.1,20.0,73.2,1
2.7,8.0,58.4,1
5.6,13.0,68.5,0
2.7,10.0,42.4,0
2.0,20.0,55.7,1
2.7,13.0,65.2,1
0.8,12.0,40.6,0
7.5,20.0,78.8,1
2.2,18.0,67.6,0
3.4,19.0,54.2,1
4.3,10.0,52.1,0
14.8,25.0,71.3,1
7.8,14.0,85.6,1
2.6,15.0,89.1,0
2.6,14.0,63.7,1
5.9,14.0,60.9,1
9.5,16.0,47.3,1
3.1,13.0,64.9,1
2.5,14.0,47.3,0
10.6,15.0,74.9,1
4.8,12.0,59.0,0
2.3,14.0,53.7,0
0.6,11.0,70.6,0
2.4,14.0,64.8,1
8.0,14.0,61.3,1
5.0,14.0,34.2,0
3.8,11.0,47.9,0
5.9,11.0,59.0,0
7.7,19.0,80.6,1
2.2,11.0,91.4,0
5.1,14.0,66.2,1
4.0,10.0,71.2,1
7.8,19.0,59.6,1
5.4,18.0,56.7,1
1.6,9.0,84.3,0
5.1,13.0,62.8,1
9.2,18.0,58.6,0
6.9,16.0,66.3,0
1.8,8.0,48.2,1
4.8,17.0,60.8,0
2.0,7.0,73.8,1
2.1,15.0,61.4,0
0.5,4.0,71.3,0
7.7,14.0,52.1,1
2.0,15.0,62.5,0
1.3,6.0,74.2,1
0.6,12.0,92.1,1
4.7,10.0,45.4,0
5.2,10.0,73.0,1
1.0,9.0,69.4,0
2.7,11.0,52.5,0
0.9,13.0,35.2,0
0.8,12.0,71.2,0
1.5,10.0,88.8,0
4.1,13.0,69.7,0
4.6,17.0,66.7,1
11.0,24.0,61.2,1
5.5,8.0,56.0,0
1.1,13.0,76.1,0
3.9,12.0,80.2,0
4.0,14.0,58.2,0
10.2,10.0,83.1,1
0.9,15.0,65.0,0
1.6,8.0,57.2,1
8.5,20.0,84.0,0
2.4,9.0,72.9,0
6.1,17.0,57.5,1
1.8,10.0,57.7,0
4.5,13.0,68.4,0
4.5,19.0,69.3,0
2.7,17.0,73.3,0
0.5,13.0,54.4,0
1.2,12.0,67.4,1
7.6,11.0,67.7,1
0.5,8.0,46.1,0
2.7,9.0,91.0,1
3.1,13.0,68.1,0
5.5,13.0,82.1,1
1.9,10.0,77.6,1
7.1,11.0,80.8,1
1.2,10.0,42.2,0
1.5,10.0,32.8,1
6.2,9.0,66.1,1
2.8,16.0,72.3,0
1.3,16.0,51.2,0
2.8,17.0,79.6,1
2.1,13.0,49.9,0
1.3,10.0,100.0,1
4.3,24.0,64.4,1
6.0,15.0,74.2,1
5.9,12.0,40.4,1
5.8,20.0,39.2,0
12.0,18.0,44.4,0
1.2,11.0,49.4,0
6.9,18.0,58.8,1
4.4,15.0,71.4,0
3.6,11.0,60.6,0
4.7,16.0,64.8,0
4.5,11.0,80.9,1
2.9,11.0,58.5,0
7.6,16.0,81.1,1
4.4,15.0,69.8,0
4.8,18.0,57.7,0
1.4,14.0,38.7,1
7.7,13.0,63.6,1
0.5,13.0,49.9,1
2.9,4.0,75.5,0
5.4,9.0,66.3,0
6.9,21.0,93.4,1
1.2,10.0,54.8,0
3.1,12.0,48.4,0
5.8,13.0,52.0,0
1.8,13.0,73.7,0
1.8,16.0,32.0,0
2.9,10.0,57.2,0
3.4,14.0,77.1,1
2.4,12.0,62.8,0
9.2,17.0,90.0,1
1.4,13.0,62.0,0
2.7,15.0,69.9,0
1.6,12.0,51.3,0
4.5,19.0,57.1,0
5.1,9.0,64.6,0
3.8,12.0,57.3,0
2.4,9.0,56.3,0
4.3,9.0,51.4,1
8.4,18.0,68.7,1
5.2,15.0,62.2,0
2.5,15.0,91.4,0
3.9,13.0,70.5,0
3.3,13.0,68.5,1
4.3,14.0,78.9,0
1.8,16.0,83.7,1
9.7,16.0,82.7,1
1.7,14.0,58.5,0
0.8,8.0,67.2,0
2.4,15.0,61.6,0
4.0,21.0,70.3,1
4.5,9.0,63.7,0
4.5,26.0,75.1,1
2.4,11.0,77.2,0
4.0,13.0,41.1,1
7.2,17.0,63.6,0
3.2,14.0,69.2,0
3.2,18.0,60.9,1
2.1,14.0,53.1,1
1.3,6.0,66.1,0
2.0,10.0,40.0,0
7.2,17.0,49.3,0
2.2,12.0,46.0,1
2.6,11.0,53.7,0
5.4,11.0,67.4,0
2.2,6.0,57.4,0
3.1,12.0,56.5,0
1.1,11.0,42.2,0
7.2,12.0,48.4,0
8.0,15.0,53.5,0
1.9,8.0,48.5,1
8.2,14.0,83.7,1
2.1,9.0,55.6,1
3.3,9.0,95.9,0
3.3,14.0,72.7,0
4.7,18.0,58.1,1
2.0,10.0,64.4,0
1.5,15.0,68.4,1
6.9,17.0,75.9,1
2.4,12.0,65.9,0
3.9,17.0,66.6,0
3.4,15.0,67.8,0
0.8,17.0,79.1,0
1.1,10.0,84.2,0
8.3,20.0,71.5,1
2.3,16.0,77.4,0
5.7,14.0,56.8,0
1.9,8.0,68.2,1
2.5,11.0,72.1,1
3.2,15.0,90.2,1
0.8,11.0,80.7,1
4.0,13.0,86.0,0
4.5,15.0,47.7,0
2.1,11.0,71.9,0
3.5,12.0,49.0,0
1.6,13.0,52.5,0
2.8,14.0,61.2,1
1.1,13.0,56.7,0
1.3,15.0,47.4,0
2.7,15.0,75.6,0
6.3,10.0,69.9,1
3.0,9.0,84.9,1
12.2,24.0,52.0,1
2.5,20.0,92.5,1
7.0,15.0,67.8,1
1.7,8.0,32.7,0
1.8,13.0,67.9,0
0.9,13.0,67.7,0
0.5,7.0,75.9,0
7.6,19.0,77.5,1
3.3,10.0,70.7,1
5.0,19.0,62.9,0
3.5,12.0,48.9,0
2.9,16.0,40.7,1
2.2,10.0,59.2,0
2.2,13.0,63.6,0
5.9,14.0,71.2,0
5.9,14.0,49.4,0
4.1,16.0,87.0,0
2.4,11.0,40.8,1
4.3,13.0,51.2,0
7.9,18.0,88.1,1
4.6,12.0,46.4,0
4.8,12.0,69.8,1
11.1,17.0,46.0,0
1.8,10.0,57.3,0
1.0,12.0,56.0,0
5.6,16.0,80.7,1
1.8,11.0,70.2,1
2.8,9.0,66.9,1
5.7,17.0,67.8,0
1.4,17.0,60.0,0
5.5,13.0,82.9,1
1.0,7.0,40.7,0
4.9,10.0,63.5,1
0.5,8.0,38.3,1
3.7,10.0,52.6,1
5.3,14.0,56.2,0
2.3,12.0,42.8,0
4.5,10.0,75.5,1
0.5,8.0,30.6,0
1.7,12.0,77.7,0
4.5,15.0,100.0,1
1.8,10.0,48.3,0
5.7,20.0,72.5,1
3.9,14.0,60.1,0
3.7,11.0,43.7,0
4.1,12.0,91.1,1
9.1,15.0,97.0,1
6.0,16.0,92.0,1
3.2,18.0,73.8,1
3.6,12.0,42.1,0
2.8,9.0,56.9,0
2.1,11.0,37.6,0
2.4,8.0,47.2,0
2.6,12.0,68.5,0
0.8,11.0,74.2,0
0.5,10.0,54.0,1
4.2,14.0,63.1,1
5.2,15.0,51.2,0
2.1,14.0,50.1,0
2.5,8.0,96.2,1
5.4,15.0,49.2,0
1.3,7.0,44.7,0
3.2,14.0,81.1,0
0.9,15.0,63.7,0
1.1,23.0,63.3,0
3.4,17.0,39.8,1
2.8,5.0,67.0,0
2.1,11.0,61.9,0
1.8,9.0,69.2,0
4.3,8.0,72.7,1
3.5,17.0,57.8,0
4.4,15.0,86.0,1
4.4,12.0,67.2,1
4.3,9.0,25.0,0
4.8,8.0,65.1,0
4.1,18.0,78.0,0
6.7,14.0,45.6,0
6.9,18.0,97.7,0
9.7,18.0,34.6,0
0.5,9.0,79.4,0
2.1,10.0,72.9,0
1.7,9.0,55.9,0
1.0,19.0,27.2,1
3.3,17.0,79.5,0
4.8,13.0,69.9,0
6.9,20.0,57.5,1
0.7,7.0,89.0,1
5.0,16.0,88.9,0
1.3,12.0,40.3,0
5.2,14.0,70.7,0
2.8,12.0,60.0,0
0.7,17.0,87.0,0
6.0,9.0,63.0,1
1.4,12.0,72.0,0
7.1,15.0,52.4,0
5.9,10.0,69.1,1
2.4,11.0,58.4,0
0.6,10.0,62.8,0
4.4,13.0,49.9,0
6.0,13.0,67.0,1
3.3,10.0,47.5,0
1.3,6.0,63.0,0
5.6,15.0,91.9,0
3.1,9.0,87.3,0
7.7,15.0,43.7,0
3.2,17.0,82.7,0
7.1,17.0,84.7,1
5.1,21.0,72.2,0
2.3,9.0,48.5,0
1.5,21.0,75.9,0
5.7,18.0,37.0,1
3.2,9.0,71.9,0
4.0,15.0,58.3,0
1.4,13.0,60.3,0
7.5,15.0,69.2,1
2.5,15.0,85.5,1
1.6,12.0,50.4,0
4.3,10.0,41.5,0
7.1,18.0,55.7,0
2.7,11.0,67.4,0
2.5,12.0,68.2,0
4.0,11.0,60.3,0
0.8,8.0,97.0,0
1.5,9.0,68.9,0
3.6,16.0,83.3,1
11.9,16.0,46.1,1
4.5,11.0,42.8,0
2.5,16.0,52.5,0
3.2,17.0,88.3,0
1.8,14.0,80.0,0
5.8,16.0,52.0,1
4.7,16.0,66.2,1
0.9,12.0,72.5,0
15.0,23.0,68.8,1
4.1,14.0,45.7,1
2.6,14.0,52.7,0
6.2,13.0,51.1,1
2.4,8.0,78.4,0
4.0,12.0,68.5,0
3.8,13.0,59.6,0
3.6,17.0,66.1,0
3.7,12.0,75.9,1
7.0,14.0,52.5,1
9.2,15.0,57.6,0
2.0,14.0,42.7,0
3.3,11.0,34.7,0
5.0,11.0,74.6,0
2.7,18.0,57.6,0
5.0,13.0,74.2,0
5.6,14.0,80.1,0
1.9,9.0,51.2,1
6.4,10.0,51.6,0
2.7,14.0,49.4,0
6.2,14.0,65.9,1
4.3,18.0,66.7,0
3.8,14.0,81.4,0
5.3,10.0,72.7,1
1.8,14.0,58.2,0
8.0,12.0,54.3,0
4.3,13.0,54.9,0
6.0,24.0,62.7,1
0.7,8.0,71.5,0
4.8,10.0,33.6,0
9.1,14.0,83.0,1
2.6,13.0,66.2,0
2.0,10.0,33.5,0
1.9,13.0,73.8,1
8.0,13.0,64.2,0
0.9,7.0,85.0,0
